FoodName,FoodGroup,ServingSize,Calories,Carbohydrates,TotalFat,Protein,Fiber,Water,VitaminA,VitaminB1,VitaminB2,VitaminC,Calcium,Sodium,Iron
Green Apple,Fruits,910,573.3,135.59,0.91,4.55,27.3,767.13,0,0.091,0.182,18.2,91,36.4,0.91
Green Apple,Fruits,546,343.98,81.354,0.546,2.73,16.38,460.278,0,0.0546,0.1092,10.92,54.6,21.84,0.546
Green Apple,Fruits,364,229.32,54.236,0.364,1.82,10.92,306.852,0,0.0364,0.0728,7.28,36.4,14.56,0.364
Green Apple,Fruits,273,171.99,40.677,0.273,1.365,8.19,230.139,0,0.0273,0.0546,5.46,27.3,10.92,0.273
Green Apple,Fruits,236.6,149.058,35.2534,0.2366,1.183,7.098,199.4538,0,0.02366,0.04732,4.732,23.66,9.464,0.2366
Green Apple,Fruits,182,114.66,27.118,0.182,0.91,5.46,153.426,0,0.0182,0.0364,3.64,18.2,7.28,0.182
Green Apple,Fruits,127.4,80.262,18.9826,0.1274,0.637,3.822,107.3982,0,0.01274,0.02548,2.548,12.74,5.096,0.1274
Green Apple,Fruits,91,57.33,13.559,0.091,0.455,2.73,76.713,0,0.0091,0.0182,1.82,9.1,3.64,0.091
Green Apple,Fruits,36.4,22.932,5.4236,0.0364,0.182,1.092,30.6852,0,0.00364,0.00728,0.728,3.64,1.456,0.0364
Carabao Mango,Fruits,1680,1176,275.52,3.36,10.08,28.56,1384.32,0,1.512,1.176,772.8,168,67.2,10.08
Carabao Mango,Fruits,1008,705.6,165.312,2.016,6.048,17.136,830.592,0,0.9072,0.7056,463.68,100.8,40.32,6.048
Carabao Mango,Fruits,672,470.4,110.208,1.344,4.032,11.424,553.728,0,0.6048,0.4704,309.12,67.2,26.88,4.032
Carabao Mango,Fruits,504,352.8,82.656,1.008,3.024,8.568,415.296,0,0.4536,0.3528,231.84,50.4,20.16,3.024
Carabao Mango,Fruits,436.8,305.76,71.6352,0.8736,2.6208,7.4256,359.9232,0,0.39312,0.30576,200.928,43.68,17.472,2.6208
Carabao Mango,Fruits,336,235.2,55.104,0.672,2.016,5.712,276.864,0,0.3024,0.2352,154.56,33.6,13.44,2.016
Carabao Mango,Fruits,235.2,164.64,38.5728,0.4704,1.4112,3.9984,193.8048,0,0.21168,0.16464,108.192,23.52,9.408,1.4112
Carabao Mango,Fruits,168,117.6,27.552,0.336,1.008,2.856,138.432,0,0.1512,0.1176,77.28,16.8,6.72,1.008
Carabao Mango,Fruits,67.2,47.04,11.0208,0.1344,0.4032,1.1424,55.3728,0,0.06048,0.04704,30.912,6.72,2.688,0.4032
Lakatan Banana,Fruits,590,743.4,174.64,1.18,8.26,19.47,401.2,0,0.177,0.295,147.5,123.9,11.8,4.72
Lakatan Banana,Fruits,354,446.04,104.784,0.708,4.956,11.682,240.72,0,0.1062,0.177,88.5,74.34,7.08,2.832
Lakatan Banana,Fruits,236,297.36,69.856,0.472,3.304,7.788,160.48,0,0.0708,0.118,59,49.56,4.72,1.888
Lakatan Banana,Fruits,177,223.02,52.392,0.354,2.478,5.841,120.36,0,0.0531,0.0885,44.25,37.17,3.54,1.416
Lakatan Banana,Fruits,153.4,193.284,45.4064,0.3068,2.1476,5.0622,104.312,0,0.04602,0.0767,38.35,32.214,3.068,1.2272
Lakatan Banana,Fruits,118,148.68,34.928,0.236,1.652,3.894,80.24,0,0.0354,0.059,29.5,24.78,2.36,0.944
Lakatan Banana,Fruits,82.6,104.076,24.4496,0.1652,1.1564,2.7258,56.168,0,0.02478,0.0413,20.65,17.346,1.652,0.6608
Lakatan Banana,Fruits,59,74.34,17.464,0.118,0.826,1.947,40.12,0,0.0177,0.0295,14.75,12.39,1.18,0.472
Lakatan Banana,Fruits,23.6,29.736,6.9856,0.0472,0.3304,0.7788,16.048,0,0.00708,0.0118,5.9,4.956,0.472,0.1888
Guyabano,Fruits,1125,787.5,182.25,1.125,12.375,36,922.5,0,1.0125,0.7875,303.75,180,45,6.75
Guyabano,Fruits,675,472.5,109.35,0.675,7.425,21.6,553.5,0,0.6075,0.4725,182.25,108,27,4.05
Guyabano,Fruits,450,315,72.9,0.45,4.95,14.4,369,0,0.405,0.315,121.5,72,18,2.7
Guyabano,Fruits,337.5,236.25,54.675,0.3375,3.7125,10.8,276.75,0,0.30375,0.23625,91.125,54,13.5,2.025
Guyabano,Fruits,292.5,204.75,47.385,0.2925,3.2175,9.36,239.85,0,0.26325,0.20475,78.975,46.8,11.7,1.755
Guyabano,Fruits,225,157.5,36.45,0.225,2.475,7.2,184.5,0,0.2025,0.1575,60.75,36,9,1.35
Guyabano,Fruits,157.5,110.25,25.515,0.1575,1.7325,5.04,129.15,0,0.14175,0.11025,42.525,25.2,6.3,0.945
Guyabano,Fruits,112.5,78.75,18.225,0.1125,1.2375,3.6,92.25,0,0.10125,0.07875,30.375,18,4.5,0.675
Guyabano,Fruits,45,31.5,7.29,0.045,0.495,1.44,36.9,0,0.0405,0.0315,12.15,7.2,1.8,0.27
Red Grapes,Fruits,460,381.8,90.62,1.38,1.84,4.6,364.32,0,0.276,0.092,13.8,27.6,73.6,1.84
Red Grapes,Fruits,276,229.08,54.372,0.828,1.104,2.76,218.592,0,0.1656,0.0552,8.28,16.56,44.16,1.104
Red Grapes,Fruits,184,152.72,36.248,0.552,0.736,1.84,145.728,0,0.1104,0.0368,5.52,11.04,29.44,0.736
Red Grapes,Fruits,138,114.54,27.186,0.414,0.552,1.38,109.296,0,0.0828,0.0276,4.14,8.28,22.08,0.552
Red Grapes,Fruits,119.6,99.268,23.5612,0.3588,0.4784,1.196,94.7232,0,0.07176,0.02392,3.588,7.176,19.136,0.4784
Red Grapes,Fruits,92,76.36,18.124,0.276,0.368,0.92,72.864,0,0.0552,0.0184,2.76,5.52,14.72,0.368
Red Grapes,Fruits,64.4,53.452,12.6868,0.1932,0.2576,0.644,51.0048,0,0.03864,0.01288,1.932,3.864,10.304,0.2576
Red Grapes,Fruits,46,38.18,9.062,0.138,0.184,0.46,36.432,0,0.0276,0.0092,1.38,2.76,7.36,0.184
Red Grapes,Fruits,18.4,15.272,3.6248,0.0552,0.0736,0.184,14.5728,0,0.01104,0.00368,0.552,1.104,2.944,0.0736
Mangosteen,Fruits,980,823.2,182.28,7.84,6.86,17.64,781.06,0,0.588,0.098,19.6,176.4,117.6,2.94
Mangosteen,Fruits,588,493.92,109.368,4.704,4.116,10.584,468.636,0,0.3528,0.0588,11.76,105.84,70.56,1.764
Mangosteen,Fruits,392,329.28,72.912,3.136,2.744,7.056,312.424,0,0.2352,0.0392,7.84,70.56,47.04,1.176
Mangosteen,Fruits,294,246.96,54.684,2.352,2.058,5.292,234.318,0,0.1764,0.0294,5.88,52.92,35.28,0.882
Mangosteen,Fruits,254.8,214.032,47.3928,2.0384,1.7836,4.5864,203.0756,0,0.15288,0.02548,5.096,45.864,30.576,0.7644
Mangosteen,Fruits,196,164.64,36.456,1.568,1.372,3.528,156.212,0,0.1176,0.0196,3.92,35.28,23.52,0.588
Mangosteen,Fruits,137.2,115.248,25.5192,1.0976,0.9604,2.4696,109.3484,0,0.08232,0.01372,2.744,24.696,16.464,0.4116
Mangosteen,Fruits,98,82.32,18.228,0.784,0.686,1.764,78.106,0,0.0588,0.0098,1.96,17.64,11.76,0.294
Mangosteen,Fruits,39.2,32.928,7.2912,0.3136,0.2744,0.7056,31.2424,0,0.02352,0.00392,0.784,7.056,4.704,0.1176
Mandarin Orange,Fruits,655,203.05,45.195,1.31,1.965,5.895,604.565,0,0.1965,0.1965,203.05,203.05,6.55,1.965
Mandarin Orange,Fruits,393,121.83,27.117,0.786,1.179,3.537,362.739,0,0.1179,0.1179,121.83,121.83,3.93,1.179
Mandarin Orange,Fruits,262,81.22,18.078,0.524,0.786,2.358,241.826,0,0.0786,0.0786,81.22,81.22,2.62,0.786
Mandarin Orange,Fruits,196.5,60.915,13.5585,0.393,0.5895,1.7685,181.3695,0,0.05895,0.05895,60.915,60.915,1.965,0.5895
Mandarin Orange,Fruits,170.3,52.793,11.7507,0.3406,0.5109,1.5327,157.1869,0,0.05109,0.05109,52.793,52.793,1.703,0.5109
Mandarin Orange,Fruits,131,40.61,9.039,0.262,0.393,1.179,120.913,0,0.0393,0.0393,40.61,40.61,1.31,0.393
Mandarin Orange,Fruits,91.7,28.427,6.3273,0.1834,0.2751,0.8253,84.6391,0,0.02751,0.02751,28.427,28.427,0.917,0.2751
Mandarin Orange,Fruits,65.5,20.305,4.5195,0.131,0.1965,0.5895,60.4565,0,0.01965,0.01965,20.305,20.305,0.655,0.1965
Mandarin Orange,Fruits,26.2,8.122,1.8078,0.0524,0.0786,0.2358,24.1826,0,0.00786,0.00786,8.122,8.122,0.262,0.0786
Pomelo,Fruits,950,484.5,100.7,5.7,6.65,10.45,834.1,0,0.38,0.285,437,285,19,6.65
Pomelo,Fruits,570,290.7,60.42,3.42,3.99,6.27,500.46,0,0.228,0.171,262.2,171,11.4,3.99
Pomelo,Fruits,380,193.8,40.28,2.28,2.66,4.18,333.64,0,0.152,0.114,174.8,114,7.6,2.66
Pomelo,Fruits,285,145.35,30.21,1.71,1.995,3.135,250.23,0,0.114,0.0855,131.1,85.5,5.7,1.995
Pomelo,Fruits,247,125.97,26.182,1.482,1.729,2.717,216.866,0,0.0988,0.0741,113.62,74.1,4.94,1.729
Pomelo,Fruits,190,96.9,20.14,1.14,1.33,2.09,166.82,0,0.076,0.057,87.4,57,3.8,1.33
Pomelo,Fruits,133,67.83,14.098,0.798,0.931,1.463,116.774,0,0.0532,0.0399,61.18,39.9,2.66,0.931
Pomelo,Fruits,95,48.45,10.07,0.57,0.665,1.045,83.41,0,0.038,0.0285,43.7,28.5,1.9,0.665
Pomelo,Fruits,38,19.38,4.028,0.228,0.266,0.418,33.364,0,0.0152,0.0114,17.48,11.4,0.76,0.266
Rambutan,Fruits,715,622.05,132.99,6.435,8.58,6.435,554.84,0,0.143,0.715,650.65,228.8,128.7,2.86
Rambutan,Fruits,429,373.23,79.794,3.861,5.148,3.861,332.904,0,0.0858,0.429,390.39,137.28,77.22,1.716
Rambutan,Fruits,286,248.82,53.196,2.574,3.432,2.574,221.936,0,0.0572,0.286,260.26,91.52,51.48,1.144
Rambutan,Fruits,214.5,186.615,39.897,1.9305,2.574,1.9305,166.452,0,0.0429,0.2145,195.195,68.64,38.61,0.858
Rambutan,Fruits,185.9,161.733,34.5774,1.6731,2.2308,1.6731,144.2584,0,0.03718,0.1859,169.169,59.488,33.462,0.7436
Rambutan,Fruits,143,124.41,26.598,1.287,1.716,1.287,110.968,0,0.0286,0.143,130.13,45.76,25.74,0.572
Rambutan,Fruits,100.1,87.087,18.6186,0.9009,1.2012,0.9009,77.6776,0,0.02002,0.1001,91.091,32.032,18.018,0.4004
Rambutan,Fruits,71.5,62.205,13.299,0.6435,0.858,0.6435,55.484,0,0.0143,0.0715,65.065,22.88,12.87,0.286
Rambutan,Fruits,28.6,24.882,5.3196,0.2574,0.3432,0.2574,22.1936,0,0.00572,0.0286,26.026,9.152,5.148,0.1144
Strawberry,Fruits,760,258.4,54.72,1.52,6.08,14.44,693.88,0,0.228,0.228,737.2,258.4,7.6,9.12
Strawberry,Fruits,456,155.04,32.832,0.912,3.648,8.664,416.328,0,0.1368,0.1368,442.32,155.04,4.56,5.472
Strawberry,Fruits,304,103.36,21.888,0.608,2.432,5.776,277.552,0,0.0912,0.0912,294.88,103.36,3.04,3.648
Strawberry,Fruits,228,77.52,16.416,0.456,1.824,4.332,208.164,0,0.0684,0.0684,221.16,77.52,2.28,2.736
Strawberry,Fruits,197.6,67.184,14.2272,0.3952,1.5808,3.7544,180.4088,0,0.05928,0.05928,191.672,67.184,1.976,2.3712
Strawberry,Fruits,152,51.68,10.944,0.304,1.216,2.888,138.776,0,0.0456,0.0456,147.44,51.68,1.52,1.824
Strawberry,Fruits,106.4,36.176,7.6608,0.2128,0.8512,2.0216,97.1432,0,0.03192,0.03192,103.208,36.176,1.064,1.2768
Strawberry,Fruits,76,25.84,5.472,0.152,0.608,1.444,69.388,0,0.0228,0.0228,73.72,25.84,0.76,0.912
Strawberry,Fruits,30.4,10.336,2.1888,0.0608,0.2432,0.5776,27.7552,0,0.00912,0.00912,29.488,10.336,0.304,0.3648
Broccoli,Vegetables,455,154.7,30.212,1.6835,12.831,11.83,406.315,0,0.3185,0.546,405.86,213.85,150.15,3.3215
Broccoli,Vegetables,273,92.82,18.1272,1.0101,7.6986,7.098,243.789,0,0.1911,0.3276,243.516,128.31,90.09,1.9929
Broccoli,Vegetables,182,61.88,12.0848,0.6734,5.1324,4.732,162.526,0,0.1274,0.2184,162.344,85.54,60.06,1.3286
Broccoli,Vegetables,136.5,46.41,9.0636,0.50505,3.8493,3.549,121.8945,0,0.09555,0.1638,121.758,64.155,45.045,0.99645
Broccoli,Vegetables,118.3,40.222,7.85512,0.43771,3.33606,3.0758,105.6419,0,0.08281,0.14196,105.5236,55.601,39.039,0.86359
Broccoli,Vegetables,91,30.94,6.0424,0.3367,2.5662,2.366,81.263,0,0.0637,0.1092,81.172,42.77,30.03,0.6643
Broccoli,Vegetables,63.7,21.658,4.22968,0.23569,1.79634,1.6562,56.8841,0,0.04459,0.07644,56.8204,29.939,21.021,0.46501
Broccoli,Vegetables,45.5,15.47,3.0212,0.16835,1.2831,1.183,40.6315,0,0.03185,0.0546,40.586,21.385,15.015,0.33215
Broccoli,Vegetables,18.2,6.188,1.20848,0.06734,0.51324,0.4732,16.2526,0,0.01274,0.02184,16.2344,8.554,6.006,0.13286
Winged Bean,Vegetables,500,155,25.5,1.5,10,15.5,460.5,0,1.7,0.3,0,190,40,2.5
Winged Bean,Vegetables,300,93,15.3,0.9,6,9.3,276.3,0,1.02,0.18,0,114,24,1.5
Winged Bean,Vegetables,200,62,10.2,0.6,4,6.2,184.2,0,0.68,0.12,0,76,16,1
Winged Bean,Vegetables,150,46.5,7.65,0.45,3,4.65,138.15,0,0.51,0.09,0,57,12,0.75
Winged Bean,Vegetables,130,40.3,6.63,0.39,2.6,4.03,119.73,0,0.442,0.078,0,49.4,10.4,0.65
Winged Bean,Vegetables,100,31,5.1,0.3,2,3.1,92.1,0,0.34,0.06,0,38,8,0.5
Winged Bean,Vegetables,70,21.7,3.57,0.21,1.4,2.17,64.47,0,0.238,0.042,0,26.6,5.6,0.35
Winged Bean,Vegetables,50,15.5,2.55,0.15,1,1.55,46.05,0,0.17,0.03,0,19,4,0.25
Winged Bean,Vegetables,20,6.2,1.02,0.06,0.4,0.62,18.42,0,0.068,0.012,0,7.6,1.6,0.1
Roma Tomato,Vegetables,615,153.75,31.98,0.615,4.92,1.845,574.41,0,0.3075,0.1845,18.45,36.9,67.65,2.46
Roma Tomato,Vegetables,369,92.25,19.188,0.369,2.952,1.107,344.646,0,0.1845,0.1107,11.07,22.14,40.59,1.476
Roma Tomato,Vegetables,246,61.5,12.792,0.246,1.968,0.738,229.764,0,0.123,0.0738,7.38,14.76,27.06,0.984
Roma Tomato,Vegetables,184.5,46.125,9.594,0.1845,1.476,0.5535,172.323,0,0.09225,0.05535,5.535,11.07,20.295,0.738
Roma Tomato,Vegetables,159.9,39.975,8.3148,0.1599,1.2792,0.4797,149.3466,0,0.07995,0.04797,4.797,9.594,17.589,0.6396
Roma Tomato,Vegetables,123,30.75,6.396,0.123,0.984,0.369,114.882,0,0.0615,0.0369,3.69,7.38,13.53,0.492
Roma Tomato,Vegetables,86.1,21.525,4.4772,0.0861,0.6888,0.2583,80.4174,0,0.04305,0.02583,2.583,5.166,9.471,0.3444
Roma Tomato,Vegetables,61.5,15.375,3.198,0.0615,0.492,0.1845,57.441,0,0.03075,0.01845,1.845,3.69,6.765,0.246
Roma Tomato,Vegetables,24.6,6.15,1.2792,0.0246,0.1968,0.0738,22.9764,0,0.0123,0.00738,0.738,1.476,2.706,0.0984
Red Bell Pepper,Vegetables,745,268.2,58.11,2.235,3.725,18.625,677.205,0,0.3725,0.447,134.1,216.05,29.8,3.725
Red Bell Pepper,Vegetables,447,160.92,34.866,1.341,2.235,11.175,406.323,0,0.2235,0.2682,80.46,129.63,17.88,2.235
Red Bell Pepper,Vegetables,298,107.28,23.244,0.894,1.49,7.45,270.882,0,0.149,0.1788,53.64,86.42,11.92,1.49
Red Bell Pepper,Vegetables,223.5,80.46,17.433,0.6705,1.1175,5.5875,203.1615,0,0.11175,0.1341,40.23,64.815,8.94,1.1175
Red Bell Pepper,Vegetables,193.7,69.732,15.1086,0.5811,0.9685,4.8425,176.0733,0,0.09685,0.11622,34.866,56.173,7.748,0.9685
Red Bell Pepper,Vegetables,149,53.64,11.622,0.447,0.745,3.725,135.441,0,0.0745,0.0894,26.82,43.21,5.96,0.745
Red Bell Pepper,Vegetables,104.3,37.548,8.1354,0.3129,0.5215,2.6075,94.8087,0,0.05215,0.06258,18.774,30.247,4.172,0.5215
Red Bell Pepper,Vegetables,74.5,26.82,5.811,0.2235,0.3725,1.8625,67.7205,0,0.03725,0.0447,13.41,21.605,2.98,0.3725
Red Bell Pepper,Vegetables,29.8,10.728,2.3244,0.0894,0.149,0.745,27.0882,0,0.0149,0.01788,5.364,8.642,1.192,0.149
Okra,Vegetables,500,170,29.5,1.5,9,18,456.5,0,0.3,0.35,5,255,55,2
Okra,Vegetables,300,102,17.7,0.9,5.4,10.8,273.9,0,0.18,0.21,3,153,33,1.2
Okra,Vegetables,200,68,11.8,0.6,3.6,7.2,182.6,0,0.12,0.14,2,102,22,0.8
Okra,Vegetables,150,51,8.85,0.45,2.7,5.4,136.95,0,0.09,0.105,1.5,76.5,16.5,0.6
Okra,Vegetables,130,44.2,7.67,0.39,2.34,4.68,118.69,0,0.078,0.091,1.3,66.3,14.3,0.52
Okra,Vegetables,100,34,5.9,0.3,1.8,3.6,91.3,0,0.06,0.07,1,51,11,0.4
Okra,Vegetables,70,23.8,4.13,0.21,1.26,2.52,63.91,0,0.042,0.049,0.7,35.7,7.7,0.28
Okra,Vegetables,50,17,2.95,0.15,0.9,1.8,45.65,0,0.03,0.035,0.5,25.5,5.5,0.2
Okra,Vegetables,20,6.8,1.18,0.06,0.36,0.72,18.26,0,0.012,0.014,0.2,10.2,2.2,0.08
Eggplant,Vegetables,410,118.9,22.55,0.82,4.92,6.56,380.07,0,0.41,0.205,12.3,45.1,12.3,1.23
Eggplant,Vegetables,246,71.34,13.53,0.492,2.952,3.936,228.042,0,0.246,0.123,7.38,27.06,7.38,0.738
Eggplant,Vegetables,164,47.56,9.02,0.328,1.968,2.624,152.028,0,0.164,0.082,4.92,18.04,4.92,0.492
Eggplant,Vegetables,123,35.67,6.765,0.246,1.476,1.968,114.021,0,0.123,0.0615,3.69,13.53,3.69,0.369
Eggplant,Vegetables,106.6,30.914,5.863,0.2132,1.2792,1.7056,98.8182,0,0.1066,0.0533,3.198,11.726,3.198,0.3198
Eggplant,Vegetables,82,23.78,4.51,0.164,0.984,1.312,76.014,0,0.082,0.041,2.46,9.02,2.46,0.246
Eggplant,Vegetables,57.4,16.646,3.157,0.1148,0.6888,0.9184,53.2098,0,0.0574,0.0287,1.722,6.314,1.722,0.1722
Eggplant,Vegetables,41,11.89,2.255,0.082,0.492,0.656,38.007,0,0.041,0.0205,1.23,4.51,1.23,0.123
Eggplant,Vegetables,16.4,4.756,0.902,0.0328,0.1968,0.2624,15.2028,0,0.0164,0.0082,0.492,1.804,0.492,0.0492
Cucumber,Vegetables,595,95.2,19.04,0.595,2.975,4.165,570.605,0,0.119,0.119,11.9,71.4,77.35,0.595
Cucumber,Vegetables,357,57.12,11.424,0.357,1.785,2.499,342.363,0,0.0714,0.0714,7.14,42.84,46.41,0.357
Cucumber,Vegetables,238,38.08,7.616,0.238,1.19,1.666,228.242,0,0.0476,0.0476,4.76,28.56,30.94,0.238
Cucumber,Vegetables,178.5,28.56,5.712,0.1785,0.8925,1.2495,171.1815,0,0.0357,0.0357,3.57,21.42,23.205,0.1785
Cucumber,Vegetables,154.7,24.752,4.9504,0.1547,0.7735,1.0829,148.3573,0,0.03094,0.03094,3.094,18.564,20.111,0.1547
Cucumber,Vegetables,119,19.04,3.808,0.119,0.595,0.833,114.121,0,0.0238,0.0238,2.38,14.28,15.47,0.119
Cucumber,Vegetables,83.3,13.328,2.6656,0.0833,0.4165,0.5831,79.8847,0,0.01666,0.01666,1.666,9.996,10.829,0.0833
Cucumber,Vegetables,59.5,9.52,1.904,0.0595,0.2975,0.4165,57.0605,0,0.0119,0.0119,1.19,7.14,7.735,0.0595
Cucumber,Vegetables,23.8,3.808,0.7616,0.0238,0.119,0.1666,22.8242,0,0.00476,0.00476,0.476,2.856,3.094,0.0238
Cauliflower,Vegetables,500,160,26,1.5,10.5,10.5,458.5,0,0.25,0.6,410,205,70,4
Cauliflower,Vegetables,300,96,15.6,0.9,6.3,6.3,275.1,0,0.15,0.36,246,123,42,2.4
Cauliflower,Vegetables,200,64,10.4,0.6,4.2,4.2,183.4,0,0.1,0.24,164,82,28,1.6
Cauliflower,Vegetables,150,48,7.8,0.45,3.15,3.15,137.55,0,0.075,0.18,123,61.5,21,1.2
Cauliflower,Vegetables,130,41.6,6.76,0.39,2.73,2.73,119.21,0,0.065,0.156,106.6,53.3,18.2,1.04
Cauliflower,Vegetables,100,32,5.2,0.3,2.1,2.1,91.7,0,0.05,0.12,82,41,14,0.8
Cauliflower,Vegetables,70,22.4,3.64,0.21,1.47,1.47,64.19,0,0.035,0.084,57.4,28.7,9.8,0.56
Cauliflower,Vegetables,50,16,2.6,0.15,1.05,1.05,45.85,0,0.025,0.06,41,20.5,7,0.4
Cauliflower,Vegetables,20,6.4,1.04,0.06,0.42,0.42,18.34,0,0.01,0.024,16.4,8.2,2.8,0.16
Carrot,Vegetables,640,268.8,55.04,1.92,7.04,16.64,570.24,0,0.192,0.192,0,160,166.4,1.28
Carrot,Vegetables,384,161.28,33.024,1.152,4.224,9.984,342.144,0,0.1152,0.1152,0,96,99.84,0.768
Carrot,Vegetables,256,107.52,22.016,0.768,2.816,6.656,228.096,0,0.0768,0.0768,0,64,66.56,0.512
Carrot,Vegetables,192,80.64,16.512,0.576,2.112,4.992,171.072,0,0.0576,0.0576,0,48,49.92,0.384
Carrot,Vegetables,166.4,69.888,14.3104,0.4992,1.8304,4.3264,148.2624,0,0.04992,0.04992,0,41.6,43.264,0.3328
Carrot,Vegetables,128,53.76,11.008,0.384,1.408,3.328,114.048,0,0.0384,0.0384,0,32,33.28,0.256
Carrot,Vegetables,89.6,37.632,7.7056,0.2688,0.9856,2.3296,79.8336,0,0.02688,0.02688,0,22.4,23.296,0.1792
Carrot,Vegetables,64,26.88,5.504,0.192,0.704,1.664,57.024,0,0.0192,0.0192,0,16,16.64,0.128
Carrot,Vegetables,25.6,10.752,2.2016,0.0768,0.2816,0.6656,22.8096,0,0.00768,0.00768,0,6.4,6.656,0.0512
Bitter Gourd,Vegetables,470,108.1,19.74,0.94,4.7,6.11,441.33,0,0.235,0.188,9.4,103.4,70.5,1.88
Bitter Gourd,Vegetables,282,64.86,11.844,0.564,2.82,3.666,264.798,0,0.141,0.1128,5.64,62.04,42.3,1.128
Bitter Gourd,Vegetables,188,43.24,7.896,0.376,1.88,2.444,176.532,0,0.094,0.0752,3.76,41.36,28.2,0.752
Bitter Gourd,Vegetables,141,32.43,5.922,0.282,1.41,1.833,132.399,0,0.0705,0.0564,2.82,31.02,21.15,0.564
Bitter Gourd,Vegetables,122.2,28.106,5.1324,0.2444,1.222,1.5886,114.7458,0,0.0611,0.04888,2.444,26.884,18.33,0.4888
Bitter Gourd,Vegetables,94,21.62,3.948,0.188,0.94,1.222,88.266,0,0.047,0.0376,1.88,20.68,14.1,0.376
Bitter Gourd,Vegetables,65.8,15.134,2.7636,0.1316,0.658,0.8554,61.7862,0,0.0329,0.02632,1.316,14.476,9.87,0.2632
Bitter Gourd,Vegetables,47,10.81,1.974,0.094,0.47,0.611,44.133,0,0.0235,0.0188,0.94,10.34,7.05,0.188
Bitter Gourd,Vegetables,18.8,4.324,0.7896,0.0376,0.188,0.2444,17.6532,0,0.0094,0.00752,0.376,4.136,2.82,0.0752
White Rice,Grains,930,1199.7,276.21,1.86,19.53,3.72,628.68,0,0.186,0.186,0,102.3,27.9,5.58
White Rice,Grains,558,719.82,165.726,1.116,11.718,2.232,377.208,0,0.1116,0.1116,0,61.38,16.74,3.348
White Rice,Grains,372,479.88,110.484,0.744,7.812,1.488,251.472,0,0.0744,0.0744,0,40.92,11.16,2.232
White Rice,Grains,279,359.91,82.863,0.558,5.859,1.116,188.604,0,0.0558,0.0558,0,30.69,8.37,1.674
White Rice,Grains,241.8,311.922,71.8146,0.4836,5.0778,0.9672,163.4568,0,0.04836,0.04836,0,26.598,7.254,1.4508
White Rice,Grains,186,239.94,55.242,0.372,3.906,0.744,125.736,0,0.0372,0.0372,0,20.46,5.58,1.116
White Rice,Grains,130.2,167.958,38.6694,0.2604,2.7342,0.5208,88.0152,0,0.02604,0.02604,0,14.322,3.906,0.7812
White Rice,Grains,93,119.97,27.621,0.186,1.953,0.372,62.868,0,0.0186,0.0186,0,10.23,2.79,0.558
White Rice,Grains,37.2,47.988,11.0484,0.0744,0.7812,0.1488,25.1472,0,0.00744,0.00744,0,4.092,1.116,0.2232
Brown Rice,Grains,975,3539.25,743.925,27.3,78.975,29.25,113.1,0,0.39,0,39,58.5,87.75,17.55
Brown Rice,Grains,585,2123.55,446.355,16.38,47.385,17.55,67.86,0,0.234,0,23.4,35.1,52.65,10.53
Brown Rice,Grains,390,1415.7,297.57,10.92,31.59,11.7,45.24,0,0.156,0,15.6,23.4,35.1,7.02
Brown Rice,Grains,292.5,1061.775,223.1775,8.19,23.6925,8.775,33.93,0,0.117,0,11.7,17.55,26.325,5.265
Brown Rice,Grains,253.5,920.205,193.4205,7.098,20.5335,7.605,29.406,0,0.1014,0,10.14,15.21,22.815,4.563
Brown Rice,Grains,195,707.85,148.785,5.46,15.795,5.85,22.62,0,0.078,0,7.8,11.7,17.55,3.51
Brown Rice,Grains,136.5,495.495,104.1495,3.822,11.0565,4.095,15.834,0,0.0546,0,5.46,8.19,12.285,2.457
Brown Rice,Grains,97.5,353.925,74.3925,2.73,7.8975,2.925,11.31,0,0.039,0,3.9,5.85,8.775,1.755
Brown Rice,Grains,39,141.57,29.757,1.092,3.159,1.17,4.524,0,0.0156,0,1.56,2.34,3.51,0.702
Sweet Corn,Grains,770,1332.1,272.58,11.55,33.88,26.95,445.83,0,1.694,1.001,84.7,61.6,23.1,6.16
Sweet Corn,Grains,462,799.26,163.548,6.93,20.328,16.17,267.498,0,1.0164,0.6006,50.82,36.96,13.86,3.696
Sweet Corn,Grains,308,532.84,109.032,4.62,13.552,10.78,178.332,0,0.6776,0.4004,33.88,24.64,9.24,2.464
Sweet Corn,Grains,231,399.63,81.774,3.465,10.164,8.085,133.749,0,0.5082,0.3003,25.41,18.48,6.93,1.848
Sweet Corn,Grains,200.2,346.346,70.8708,3.003,8.8088,7.007,115.9158,0,0.44044,0.26026,22.022,16.016,6.006,1.6016
Sweet Corn,Grains,154,266.42,54.516,2.31,6.776,5.39,89.166,0,0.3388,0.2002,16.94,12.32,4.62,1.232
Sweet Corn,Grains,107.8,186.494,38.1612,1.617,4.7432,3.773,62.4162,0,0.23716,0.14014,11.858,8.624,3.234,0.8624
Sweet Corn,Grains,77,133.21,27.258,1.155,3.388,2.695,44.583,0,0.1694,0.1001,8.47,6.16,2.31,0.616
Sweet Corn,Grains,30.8,53.284,10.9032,0.462,1.3552,1.078,17.8332,0,0.06776,0.04004,3.388,2.464,0.924,0.2464
White Bread,Grains,125,411.25,76.375,6.375,12.125,4.125,29,0,0.25,0.2,0,96.25,740,4.875
White Bread,Grains,75,246.75,45.825,3.825,7.275,2.475,17.4,0,0.15,0.12,0,57.75,444,2.925
White Bread,Grains,50,164.5,30.55,2.55,4.85,1.65,11.6,0,0.1,0.08,0,38.5,296,1.95
White Bread,Grains,37.5,123.375,22.9125,1.9125,3.6375,1.2375,8.7,0,0.075,0.06,0,28.875,222,1.4625
White Bread,Grains,32.5,106.925,19.8575,1.6575,3.1525,1.0725,7.54,0,0.065,0.052,0,25.025,192.4,1.2675
White Bread,Grains,25,82.25,15.275,1.275,2.425,0.825,5.8,0,0.05,0.04,0,19.25,148,0.975
White Bread,Grains,17.5,57.575,10.6925,0.8925,1.6975,0.5775,4.06,0,0.035,0.028,0,13.475,103.6,0.6825
White Bread,Grains,12.5,41.125,7.6375,0.6375,1.2125,0.4125,2.9,0,0.025,0.02,0,9.625,74,0.4875
White Bread,Grains,5,16.45,3.055,0.255,0.485,0.165,1.16,0,0.01,0.008,0,3.85,29.6,0.195
Rolled Oats,Grains,1170,4949.1,863.46,106.47,133.38,127.53,49.14,0,5.265,1.638,0,4364.1,70.2,42.12
Rolled Oats,Grains,702,2969.46,518.076,63.882,80.028,76.518,29.484,0,3.159,0.9828,0,2618.46,42.12,25.272
Rolled Oats,Grains,468,1979.64,345.384,42.588,53.352,51.012,19.656,0,2.106,0.6552,0,1745.64,28.08,16.848
Rolled Oats,Grains,351,1484.73,259.038,31.941,40.014,38.259,14.742,0,1.5795,0.4914,0,1309.23,21.06,12.636
Rolled Oats,Grains,304.2,1286.766,224.4996,27.6822,34.6788,33.1578,12.7764,0,1.3689,0.42588,0,1134.666,18.252,10.9512
Rolled Oats,Grains,234,989.82,172.692,21.294,26.676,25.506,9.828,0,1.053,0.3276,0,872.82,14.04,8.424
Rolled Oats,Grains,163.8,692.874,120.8844,14.9058,18.6732,17.8542,6.8796,0,0.7371,0.22932,0,610.974,9.828,5.8968
Rolled Oats,Grains,117,494.91,86.346,10.647,13.338,12.753,4.914,0,0.5265,0.1638,0,436.41,7.02,4.212
Rolled Oats,Grains,46.8,197.964,34.5384,4.2588,5.3352,5.1012,1.9656,0,0.2106,0.06552,0,174.564,2.808,1.6848
Chicken Eggs,Meat and Poultry,250,347.5,3.5,23.5,30.75,0,190,502.5,0.175,0.975,0,80,3.25,320
Chicken Eggs,Meat and Poultry,150,208.5,2.1,14.1,18.45,0,114,301.5,0.105,0.585,0,48,1.95,192
Chicken Eggs,Meat and Poultry,100,139,1.4,9.4,12.3,0,76,201,0.07,0.39,0,32,1.3,128
Chicken Eggs,Meat and Poultry,75,104.25,1.05,7.05,9.225,0,57,150.75,0.0525,0.2925,0,24,0.975,96
Chicken Eggs,Meat and Poultry,65,90.35,0.91,6.11,7.995,0,49.4,130.65,0.0455,0.2535,0,20.8,0.845,83.2
Chicken Eggs,Meat and Poultry,50,69.5,0.7,4.7,6.15,0,38,100.5,0.035,0.195,0,16,0.65,64
Chicken Eggs,Meat and Poultry,35,48.65,0.49,3.29,4.305,0,26.6,70.35,0.0245,0.1365,0,11.2,0.455,44.8
Chicken Eggs,Meat and Poultry,25,34.75,0.35,2.35,3.075,0,19,50.25,0.0175,0.0975,0,8,0.325,32
Chicken Eggs,Meat and Poultry,10,13.9,0.14,0.94,1.23,0,7.6,20.1,0.007,0.039,0,3.2,0.13,12.8
Chicken Thigh,Meat and Poultry,435,648.15,0,33.495,86.13,0,314.505,65.25,0.522,0.7395,17.4,65.25,382.8,3.915
Chicken Thigh,Meat and Poultry,261,388.89,0,20.097,51.678,0,188.703,39.15,0.3132,0.4437,10.44,39.15,229.68,2.349
Chicken Thigh,Meat and Poultry,174,259.26,0,13.398,34.452,0,125.802,26.1,0.2088,0.2958,6.96,26.1,153.12,1.566
Chicken Thigh,Meat and Poultry,130.5,194.445,0,10.0485,25.839,0,94.3515,19.575,0.1566,0.22185,5.22,19.575,114.84,1.1745
Chicken Thigh,Meat and Poultry,113.1,168.519,0,8.7087,22.3938,0,81.7713,16.965,0.13572,0.19227,4.524,16.965,99.528,1.0179
Chicken Thigh,Meat and Poultry,87,129.63,0,6.699,17.226,0,62.901,13.05,0.1044,0.1479,3.48,13.05,76.56,0.783
Chicken Thigh,Meat and Poultry,60.9,90.741,0,4.6893,12.0582,0,44.0307,9.135,0.07308,0.10353,2.436,9.135,53.592,0.5481
Chicken Thigh,Meat and Poultry,43.5,64.815,0,3.3495,8.613,0,31.4505,6.525,0.0522,0.07395,1.74,6.525,38.28,0.3915
Chicken Thigh,Meat and Poultry,17.4,25.926,0,1.3398,3.4452,0,12.5802,2.61,0.02088,0.02958,0.696,2.61,15.312,0.1566
Chicken Wings,Meat and Poultry,420,814.8,0,55.44,79.38,0,282.66,105,0.168,0.378,16.8,256.2,340.2,5.04
Chicken Wings,Meat and Poultry,252,488.88,0,33.264,47.628,0,169.596,63,0.1008,0.2268,10.08,153.72,204.12,3.024
Chicken Wings,Meat and Poultry,168,325.92,0,22.176,31.752,0,113.064,42,0.0672,0.1512,6.72,102.48,136.08,2.016
Chicken Wings,Meat and Poultry,126,244.44,0,16.632,23.814,0,84.798,31.5,0.0504,0.1134,5.04,76.86,102.06,1.512
Chicken Wings,Meat and Poultry,109.2,211.848,0,14.4144,20.6388,0,73.4916,27.3,0.04368,0.09828,4.368,66.612,88.452,1.3104
Chicken Wings,Meat and Poultry,84,162.96,0,11.088,15.876,0,56.532,21,0.0336,0.0756,3.36,51.24,68.04,1.008
Chicken Wings,Meat and Poultry,58.8,114.072,0,7.7616,11.1132,0,39.5724,14.7,0.02352,0.05292,2.352,35.868,47.628,0.7056
Chicken Wings,Meat and Poultry,42,81.48,0,5.544,7.938,0,28.266,10.5,0.0168,0.0378,1.68,25.62,34.02,0.504
Chicken Wings,Meat and Poultry,16.8,32.592,0,2.2176,3.1752,0,11.3064,4.2,0.00672,0.01512,0.672,10.248,13.608,0.2016
Chicken Breast,Meat and Poultry,860,1126.6,0,43,185.76,0,628.66,258,0.516,0.516,0,206.4,567.6,8.6
Chicken Breast,Meat and Poultry,516,675.96,0,25.8,111.456,0,377.196,154.8,0.3096,0.3096,0,123.84,340.56,5.16
Chicken Breast,Meat and Poultry,344,450.64,0,17.2,74.304,0,251.464,103.2,0.2064,0.2064,0,82.56,227.04,3.44
Chicken Breast,Meat and Poultry,258,337.98,0,12.9,55.728,0,188.598,77.4,0.1548,0.1548,0,61.92,170.28,2.58
Chicken Breast,Meat and Poultry,223.6,292.916,0,11.18,48.2976,0,163.4516,67.08,0.13416,0.13416,0,53.664,147.576,2.236
Chicken Breast,Meat and Poultry,172,225.32,0,8.6,37.152,0,125.732,51.6,0.1032,0.1032,0,41.28,113.52,1.72
Chicken Breast,Meat and Poultry,120.4,157.724,0,6.02,26.0064,0,88.0124,36.12,0.07224,0.07224,0,28.896,79.464,1.204
Chicken Breast,Meat and Poultry,86,112.66,0,4.3,18.576,0,62.866,25.8,0.0516,0.0516,0,20.64,56.76,0.86
Chicken Breast,Meat and Poultry,34.4,45.064,0,1.72,7.4304,0,25.1464,10.32,0.02064,0.02064,0,8.256,22.704,0.344
Chicken Drumstick,Meat and Poultry,220,448.8,0,33.22,37.62,0,148.94,33,0.22,0.33,8.8,26.4,279.4,2.2
Chicken Drumstick,Meat and Poultry,132,269.28,0,19.932,22.572,0,89.364,19.8,0.132,0.198,5.28,15.84,167.64,1.32
Chicken Drumstick,Meat and Poultry,88,179.52,0,13.288,15.048,0,59.576,13.2,0.088,0.132,3.52,10.56,111.76,0.88
Chicken Drumstick,Meat and Poultry,66,134.64,0,9.966,11.286,0,44.682,9.9,0.066,0.099,2.64,7.92,83.82,0.66
Chicken Drumstick,Meat and Poultry,57.2,116.688,0,8.6372,9.7812,0,38.7244,8.58,0.0572,0.0858,2.288,6.864,72.644,0.572
Chicken Drumstick,Meat and Poultry,44,89.76,0,6.644,7.524,0,29.788,6.6,0.044,0.066,1.76,5.28,55.88,0.44
Chicken Drumstick,Meat and Poultry,30.8,62.832,0,4.6508,5.2668,0,20.8516,4.62,0.0308,0.0462,1.232,3.696,39.116,0.308
Chicken Drumstick,Meat and Poultry,22,44.88,0,3.322,3.762,0,14.894,3.3,0.022,0.033,0.88,2.64,27.94,0.22
Chicken Drumstick,Meat and Poultry,8.8,17.952,0,1.3288,1.5048,0,5.9576,1.32,0.0088,0.0132,0.352,1.056,11.176,0.088
Beef Ground,Meat and Poultry,1100,3542,0,330,158.4,0,597.3,44,0.44,1.65,0,264,726,18.04
Beef Ground,Meat and Poultry,660,2125.2,0,198,95.04,0,358.38,26.4,0.264,0.99,0,158.4,435.6,10.824
Beef Ground,Meat and Poultry,440,1416.8,0,132,63.36,0,238.92,17.6,0.176,0.66,0,105.6,290.4,7.216
Beef Ground,Meat and Poultry,330,1062.6,0,99,47.52,0,179.19,13.2,0.132,0.495,0,79.2,217.8,5.412
Beef Ground,Meat and Poultry,286,920.92,0,85.8,41.184,0,155.298,11.44,0.1144,0.429,0,68.64,188.76,4.6904
Beef Ground,Meat and Poultry,220,708.4,0,66,31.68,0,119.46,8.8,0.088,0.33,0,52.8,145.2,3.608
Beef Ground,Meat and Poultry,154,495.88,0,46.2,22.176,0,83.622,6.16,0.0616,0.231,0,36.96,101.64,2.5256
Beef Ground,Meat and Poultry,110,354.2,0,33,15.84,0,59.73,4.4,0.044,0.165,0,26.4,72.6,1.804
Beef Ground,Meat and Poultry,44,141.68,0,13.2,6.336,0,23.892,1.76,0.0176,0.066,0,10.56,29.04,0.7216
Pork Belly,Meat and Poultry,405,1591.65,0,150.66,58.725,0,192.375,202.5,1.62,0.5265,4.05,60.75,162,4.05
Pork Belly,Meat and Poultry,243,954.99,0,90.396,35.235,0,115.425,121.5,0.972,0.3159,2.43,36.45,97.2,2.43
Pork Belly,Meat and Poultry,162,636.66,0,60.264,23.49,0,76.95,81,0.648,0.2106,1.62,24.3,64.8,1.62
Pork Belly,Meat and Poultry,121.5,477.495,0,45.198,17.6175,0,57.7125,60.75,0.486,0.15795,1.215,18.225,48.6,1.215
Pork Belly,Meat and Poultry,105.3,413.829,0,39.1716,15.2685,0,50.0175,52.65,0.4212,0.13689,1.053,15.795,42.12,1.053
Pork Belly,Meat and Poultry,81,318.33,0,30.132,11.745,0,38.475,40.5,0.324,0.1053,0.81,12.15,32.4,0.81
Pork Belly,Meat and Poultry,56.7,222.831,0,21.0924,8.2215,0,26.9325,28.35,0.2268,0.07371,0.567,8.505,22.68,0.567
Pork Belly,Meat and Poultry,40.5,159.165,0,15.066,5.8725,0,19.2375,20.25,0.162,0.05265,0.405,6.075,16.2,0.405
Pork Belly,Meat and Poultry,16.2,63.666,0,6.0264,2.349,0,7.695,8.1,0.0648,0.02106,0.162,2.43,6.48,0.162
Pork Chop,Meat and Poultry,680,2652,0,250.92,98.6,0,325.04,34,3.808,0.748,6.8,102,265.2,5.44
Pork Chop,Meat and Poultry,408,1591.2,0,150.552,59.16,0,195.024,20.4,2.2848,0.4488,4.08,61.2,159.12,3.264
Pork Chop,Meat and Poultry,272,1060.8,0,100.368,39.44,0,130.016,13.6,1.5232,0.2992,2.72,40.8,106.08,2.176
Pork Chop,Meat and Poultry,204,795.6,0,75.276,29.58,0,97.512,10.2,1.1424,0.2244,2.04,30.6,79.56,1.632
Pork Chop,Meat and Poultry,176.8,689.52,0,65.2392,25.636,0,84.5104,8.84,0.99008,0.19448,1.768,26.52,68.952,1.4144
Pork Chop,Meat and Poultry,136,530.4,0,50.184,19.72,0,65.008,6.8,0.7616,0.1496,1.36,20.4,53.04,1.088
Pork Chop,Meat and Poultry,95.2,371.28,0,35.1288,13.804,0,45.5056,4.76,0.53312,0.10472,0.952,14.28,37.128,0.7616
Pork Chop,Meat and Poultry,68,265.2,0,25.092,9.86,0,32.504,3.4,0.3808,0.0748,0.68,10.2,26.52,0.544
Pork Chop,Meat and Poultry,27.2,106.08,0,10.0368,3.944,0,13.0016,1.36,0.15232,0.02992,0.272,4.08,10.608,0.2176
Blue Crab,Seafood,670,656.6,20.77,6.03,129.98,0,499.82,6.7,0.335,1.608,0,1882.7,3309.8,13.4
Blue Crab,Seafood,402,393.96,12.462,3.618,77.988,0,299.892,4.02,0.201,0.9648,0,1129.62,1985.88,8.04
Blue Crab,Seafood,268,262.64,8.308,2.412,51.992,0,199.928,2.68,0.134,0.6432,0,753.08,1323.92,5.36
Blue Crab,Seafood,201,196.98,6.231,1.809,38.994,0,149.946,2.01,0.1005,0.4824,0,564.81,992.94,4.02
Blue Crab,Seafood,174.2,170.716,5.4002,1.5678,33.7948,0,129.9532,1.742,0.0871,0.41808,0,489.502,860.548,3.484
Blue Crab,Seafood,134,131.32,4.154,1.206,25.996,0,99.964,1.34,0.067,0.3216,0,376.54,661.96,2.68
Blue Crab,Seafood,93.8,91.924,2.9078,0.8442,18.1972,0,69.9748,0.938,0.0469,0.22512,0,263.578,463.372,1.876
Blue Crab,Seafood,67,65.66,2.077,0.603,12.998,0,49.982,0.67,0.0335,0.1608,0,188.27,330.98,1.34
Blue Crab,Seafood,26.8,26.264,0.8308,0.2412,5.1992,0,19.9928,0.268,0.0134,0.06432,0,75.308,132.392,0.536
Milkfish,Seafood,900,720,0,9.9,158.4,0,717.3,2250,0.27,0.72,0,207,441,9
Milkfish,Seafood,540,432,0,5.94,95.04,0,430.38,1350,0.162,0.432,0,124.2,264.6,5.4
Milkfish,Seafood,360,288,0,3.96,63.36,0,286.92,900,0.108,0.288,0,82.8,176.4,3.6
Milkfish,Seafood,270,216,0,2.97,47.52,0,215.19,675,0.081,0.216,0,62.1,132.3,2.7
Milkfish,Seafood,234,187.2,0,2.574,41.184,0,186.498,585,0.0702,0.1872,0,53.82,114.66,2.34
Milkfish,Seafood,180,144,0,1.98,31.68,0,143.46,450,0.054,0.144,0,41.4,88.2,1.8
Milkfish,Seafood,126,100.8,0,1.386,22.176,0,100.422,315,0.0378,0.1008,0,28.98,61.74,1.26
Milkfish,Seafood,90,72,0,0.99,15.84,0,71.73,225,0.027,0.072,0,20.7,44.1,0.9
Milkfish,Seafood,36,28.8,0,0.396,6.336,0,28.692,90,0.0108,0.0288,0,8.28,17.64,0.36
Squid,Seafood,425,301.75,0,4.25,66.3,0,349.35,892.5,0,0.17,0,233.75,607.75,5.1
Squid,Seafood,255,181.05,0,2.55,39.78,0,209.61,535.5,0,0.102,0,140.25,364.65,3.06
Squid,Seafood,170,120.7,0,1.7,26.52,0,139.74,357,0,0.068,0,93.5,243.1,2.04
Squid,Seafood,127.5,90.525,0,1.275,19.89,0,104.805,267.75,0,0.051,0,70.125,182.325,1.53
Squid,Seafood,110.5,78.455,0,1.105,17.238,0,90.831,232.05,0,0.0442,0,60.775,158.015,1.326
Squid,Seafood,85,60.35,0,0.85,13.26,0,69.87,178.5,0,0.034,0,46.75,121.55,1.02
Squid,Seafood,59.5,42.245,0,0.595,9.282,0,48.909,124.95,0,0.0238,0,32.725,85.085,0.714
Squid,Seafood,42.5,30.175,0,0.425,6.63,0,34.935,89.25,0,0.017,0,23.375,60.775,0.51
Squid,Seafood,17,12.07,0,0.17,2.652,0,13.974,35.7,0,0.0068,0,9.35,24.31,0.204
Tilapia,Seafood,435,465.45,0,16.53,78.735,0,335.82,282.75,0.261,0.87,0,321.9,226.2,3.48
Tilapia,Seafood,261,279.27,0,9.918,47.241,0,201.492,169.65,0.1566,0.522,0,193.14,135.72,2.088
Tilapia,Seafood,174,186.18,0,6.612,31.494,0,134.328,113.1,0.1044,0.348,0,128.76,90.48,1.392
Tilapia,Seafood,130.5,139.635,0,4.959,23.6205,0,100.746,84.825,0.0783,0.261,0,96.57,67.86,1.044
Tilapia,Seafood,113.1,121.017,0,4.2978,20.4711,0,87.3132,73.515,0.06786,0.2262,0,83.694,58.812,0.9048
Tilapia,Seafood,87,93.09,0,3.306,15.747,0,67.164,56.55,0.0522,0.174,0,64.38,45.24,0.696
Tilapia,Seafood,60.9,65.163,0,2.3142,11.0229,0,47.0148,39.585,0.03654,0.1218,0,45.066,31.668,0.4872
Tilapia,Seafood,43.5,46.545,0,1.653,7.8735,0,33.582,28.275,0.0261,0.087,0,32.19,22.62,0.348
Tilapia,Seafood,17.4,18.618,0,0.6612,3.1494,0,13.4328,11.31,0.01044,0.0348,0,12.876,9.048,0.1392
Beef Kaldereta,Cooked Dishes,1200,3000,62.4,204,264,12,720,300,2.4,3.6,360,240,9000,42
Beef Kaldereta,Cooked Dishes,720,1800,37.44,122.4,158.4,7.2,432,180,1.44,2.16,216,144,5400,25.2
Beef Kaldereta,Cooked Dishes,480,1200,24.96,81.6,105.6,4.8,288,120,0.96,1.44,144,96,3600,16.8
Beef Kaldereta,Cooked Dishes,360,900,18.72,61.2,79.2,3.6,216,90,0.72,1.08,108,72,2700,12.6
Beef Kaldereta,Cooked Dishes,312,780,16.224,53.04,68.64,3.12,187.2,78,0.624,0.936,93.6,62.4,2340,10.92
Beef Kaldereta,Cooked Dishes,240,600,12.48,40.8,52.8,2.4,144,60,0.48,0.72,72,48,1800,8.4
Beef Kaldereta,Cooked Dishes,168,420,8.736,28.56,36.96,1.68,100.8,42,0.336,0.504,50.4,33.6,1260,5.88
Beef Kaldereta,Cooked Dishes,120,300,6.24,20.4,26.4,1.2,72,30,0.24,0.36,36,24,900,4.2
Beef Kaldereta,Cooked Dishes,48,120,2.496,8.16,10.56,0.48,28.8,12,0.096,0.144,14.4,9.6,360,1.68
Beef Kare-Kare,Cooked Dishes,1250,2750,47.5,187.5,250,25,812.5,187.5,2.5,5,250,375,7500,37.5
Beef Kare-Kare,Cooked Dishes,750,1650,28.5,112.5,150,15,487.5,112.5,1.5,3,150,225,4500,22.5
Beef Kare-Kare,Cooked Dishes,500,1100,19,75,100,10,325,75,1,2,100,150,3000,15
Beef Kare-Kare,Cooked Dishes,375,825,14.25,56.25,75,7.5,243.75,56.25,0.75,1.5,75,112.5,2250,11.25
Beef Kare-Kare,Cooked Dishes,325,715,12.35,48.75,65,6.5,211.25,48.75,0.65,1.3,65,97.5,1950,9.75
Beef Kare-Kare,Cooked Dishes,250,550,9.5,37.5,50,5,162.5,37.5,0.5,1,50,75,1500,7.5
Beef Kare-Kare,Cooked Dishes,175,385,6.65,26.25,35,3.5,113.75,26.25,0.35,0.7,35,52.5,1050,5.25
Beef Kare-Kare,Cooked Dishes,125,275,4.75,18.75,25,2.5,81.25,18.75,0.25,0.5,25,37.5,750,3.75
Beef Kare-Kare,Cooked Dishes,50,110,1.9,7.5,10,1,32.5,7.5,0.1,0.2,10,15,300,1.5
Beef Ribs Sinigang,Cooked Dishes,1200,2160,30,144,216,12,840,120,2.4,3.6,300,240,7200,30
Beef Ribs Sinigang,Cooked Dishes,720,1296,18,86.4,129.6,7.2,504,72,1.44,2.16,180,144,4320,18
Beef Ribs Sinigang,Cooked Dishes,480,864,12,57.6,86.4,4.8,336,48,0.96,1.44,120,96,2880,12
Beef Ribs Sinigang,Cooked Dishes,360,648,9,43.2,64.8,3.6,252,36,0.72,1.08,90,72,2160,9
Beef Ribs Sinigang,Cooked Dishes,312,561.6,7.8,37.44,56.16,3.12,218.4,31.2,0.624,0.936,78,62.4,1872,7.8
Beef Ribs Sinigang,Cooked Dishes,240,432,6,28.8,43.2,2.4,168,24,0.48,0.72,60,48,1440,6
Beef Ribs Sinigang,Cooked Dishes,168,302.4,4.2,20.16,30.24,1.68,117.6,16.8,0.336,0.504,42,33.6,1008,4.2
Beef Ribs Sinigang,Cooked Dishes,120,216,3,14.4,21.6,1.2,84,12,0.24,0.36,30,24,720,3
Beef Ribs Sinigang,Cooked Dishes,48,86.4,1.2,5.76,8.64,0.48,33.6,4.8,0.096,0.144,12,9.6,288,1.2
Bulalo,Cooked Dishes,1200,3000,48,192,240,0,780,120,2.4,4.8,180,180,8400,36
Bulalo,Cooked Dishes,720,1800,28.8,115.2,144,0,468,72,1.44,2.88,108,108,5040,21.6
Bulalo,Cooked Dishes,480,1200,19.2,76.8,96,0,312,48,0.96,1.92,72,72,3360,14.4
Bulalo,Cooked Dishes,360,900,14.4,57.6,72,0,234,36,0.72,1.44,54,54,2520,10.8
Bulalo,Cooked Dishes,312,780,12.48,49.92,62.4,0,202.8,31.2,0.624,1.248,46.8,46.8,2184,9.36
Bulalo,Cooked Dishes,240,600,9.6,38.4,48,0,156,24,0.48,0.96,36,36,1680,7.2
Bulalo,Cooked Dishes,168,420,6.72,26.88,33.6,0,109.2,16.8,0.336,0.672,25.2,25.2,1176,5.04
Bulalo,Cooked Dishes,120,300,4.8,19.2,24,0,78,12,0.24,0.48,18,18,840,3.6
Bulalo,Cooked Dishes,48,120,1.92,7.68,9.6,0,31.2,4.8,0.096,0.192,7.2,7.2,336,1.44
Chicken Adobo,Cooked Dishes,1200,2160,12,144,240,0,780,60,1.2,2.4,120,120,7200,24
Chicken Adobo,Cooked Dishes,720,1296,7.2,86.4,144,0,468,36,0.72,1.44,72,72,4320,14.4
Chicken Adobo,Cooked Dishes,480,864,4.8,57.6,96,0,312,24,0.48,0.96,48,48,2880,9.6
Chicken Adobo,Cooked Dishes,360,648,3.6,43.2,72,0,234,18,0.36,0.72,36,36,2160,7.2
Chicken Adobo,Cooked Dishes,312,561.6,3.12,37.44,62.4,0,202.8,15.6,0.312,0.624,31.2,31.2,1872,6.24
Chicken Adobo,Cooked Dishes,240,432,2.4,28.8,48,0,156,12,0.24,0.48,24,24,1440,4.8
Chicken Adobo,Cooked Dishes,168,302.4,1.68,20.16,33.6,0,109.2,8.4,0.168,0.336,16.8,16.8,1008,3.36
Chicken Adobo,Cooked Dishes,120,216,1.2,14.4,24,0,78,6,0.12,0.24,12,12,720,2.4
Chicken Adobo,Cooked Dishes,48,86.4,0.48,5.76,9.6,0,31.2,2.4,0.048,0.096,4.8,4.8,288,0.96
Chicken Afritada,Cooked Dishes,1200,2400,30,168,216,12,840,120,2.4,3.6,180,180,7800,30
Chicken Afritada,Cooked Dishes,720,1440,18,100.8,129.6,7.2,504,72,1.44,2.16,108,108,4680,18
Chicken Afritada,Cooked Dishes,480,960,12,67.2,86.4,4.8,336,48,0.96,1.44,72,72,3120,12
Chicken Afritada,Cooked Dishes,360,720,9,50.4,64.8,3.6,252,36,0.72,1.08,54,54,2340,9
Chicken Afritada,Cooked Dishes,312,624,7.8,43.68,56.16,3.12,218.4,31.2,0.624,0.936,46.8,46.8,2028,7.8
Chicken Afritada,Cooked Dishes,240,480,6,33.6,43.2,2.4,168,24,0.48,0.72,36,36,1560,6
Chicken Afritada,Cooked Dishes,168,336,4.2,23.52,30.24,1.68,117.6,16.8,0.336,0.504,25.2,25.2,1092,4.2
Chicken Afritada,Cooked Dishes,120,240,3,16.8,21.6,1.2,84,12,0.24,0.36,18,18,780,3
Chicken Afritada,Cooked Dishes,48,96,1.2,6.72,8.64,0.48,33.6,4.8,0.096,0.144,7.2,7.2,312,1.2
Chicken Inasal,Cooked Dishes,1000,1900,15,100,220,0,650,80,2,2,80,100,6000,20
Chicken Inasal,Cooked Dishes,600,1140,9,60,132,0,390,48,1.2,1.2,48,60,3600,12
Chicken Inasal,Cooked Dishes,400,760,6,40,88,0,260,32,0.8,0.8,32,40,2400,8
Chicken Inasal,Cooked Dishes,300,570,4.5,30,66,0,195,24,0.6,0.6,24,30,1800,6
Chicken Inasal,Cooked Dishes,260,494,3.9,26,57.2,0,169,20.8,0.52,0.52,20.8,26,1560,5.2
Chicken Inasal,Cooked Dishes,200,380,3,20,44,0,130,16,0.4,0.4,16,20,1200,4
Chicken Inasal,Cooked Dishes,140,266,2.1,14,30.8,0,91,11.2,0.28,0.28,11.2,14,840,2.8
Chicken Inasal,Cooked Dishes,100,190,1.5,10,22,0,65,8,0.2,0.2,8,10,600,2
Chicken Inasal,Cooked Dishes,40,76,0.6,4,8.8,0,26,3.2,0.08,0.08,3.2,4,240,0.8
Chicken Tinola,Cooked Dishes,1200,1800,21.6,96,240,12,900,120,1.2,2.4,144,144,6600,21.6
Chicken Tinola,Cooked Dishes,720,1080,12.96,57.6,144,7.2,540,72,0.72,1.44,86.4,86.4,3960,12.96
Chicken Tinola,Cooked Dishes,480,720,8.64,38.4,96,4.8,360,48,0.48,0.96,57.6,57.6,2640,8.64
Chicken Tinola,Cooked Dishes,360,540,6.48,28.8,72,3.6,270,36,0.36,0.72,43.2,43.2,1980,6.48
Chicken Tinola,Cooked Dishes,312,468,5.616,24.96,62.4,3.12,234,31.2,0.312,0.624,37.44,37.44,1716,5.616
Chicken Tinola,Cooked Dishes,240,360,4.32,19.2,48,2.4,180,24,0.24,0.48,28.8,28.8,1320,4.32
Chicken Tinola,Cooked Dishes,168,252,3.024,13.44,33.6,1.68,126,16.8,0.168,0.336,20.16,20.16,924,3.024
Chicken Tinola,Cooked Dishes,120,180,2.16,9.6,24,1.2,90,12,0.12,0.24,14.4,14.4,660,2.16
Chicken Tinola,Cooked Dishes,48,72,0.864,3.84,9.6,0.48,36,4.8,0.048,0.096,5.76,5.76,264,0.864
Crispy Pata,Cooked Dishes,750,2625,0,225,135,0,375,0,0,0,0,0,6000,30
Crispy Pata,Cooked Dishes,450,1575,0,135,81,0,225,0,0,0,0,0,3600,18
Crispy Pata,Cooked Dishes,300,1050,0,90,54,0,150,0,0,0,0,0,2400,12
Crispy Pata,Cooked Dishes,225,787.5,0,67.5,40.5,0,112.5,0,0,0,0,0,1800,9
Crispy Pata,Cooked Dishes,195,682.5,0,58.5,35.1,0,97.5,0,0,0,0,0,1560,7.8
Crispy Pata,Cooked Dishes,150,525,0,45,27,0,75,0,0,0,0,0,1200,6
Crispy Pata,Cooked Dishes,105,367.5,0,31.5,18.9,0,52.5,0,0,0,0,0,840,4.2
Crispy Pata,Cooked Dishes,75,262.5,0,22.5,13.5,0,37.5,0,0,0,0,0,600,3
Crispy Pata,Cooked Dishes,30,105,0,9,5.4,0,15,0,0,0,0,0,240,1.2
Pork Barbeque,Cooked Dishes,400,1120,40,80,72,0,200,16,0.8,1.2,24,32,2600,12
Pork Barbeque,Cooked Dishes,240,672,24,48,43.2,0,120,9.6,0.48,0.72,14.4,19.2,1560,7.2
Pork Barbeque,Cooked Dishes,160,448,16,32,28.8,0,80,6.4,0.32,0.48,9.6,12.8,1040,4.8
Pork Barbeque,Cooked Dishes,120,336,12,24,21.6,0,60,4.8,0.24,0.36,7.2,9.6,780,3.6
Pork Barbeque,Cooked Dishes,104,291.2,10.4,20.8,18.72,0,52,4.16,0.208,0.312,6.24,8.32,676,3.12
Pork Barbeque,Cooked Dishes,80,224,8,16,14.4,0,40,3.2,0.16,0.24,4.8,6.4,520,2.4
Pork Barbeque,Cooked Dishes,56,156.8,5.6,11.2,10.08,0,28,2.24,0.112,0.168,3.36,4.48,364,1.68
Pork Barbeque,Cooked Dishes,40,112,4,8,7.2,0,20,1.6,0.08,0.12,2.4,3.2,260,1.2
Pork Barbeque,Cooked Dishes,16,44.8,1.6,3.2,2.88,0,8,0.64,0.032,0.048,0.96,1.28,104,0.48
Pancit Canton,Cooked Dishes,800,1760,200,80,120,16,480,16,0.8,1.6,64,80,4400,20
Pancit Canton,Cooked Dishes,480,1056,120,48,72,9.6,288,9.6,0.48,0.96,38.4,48,2640,12
Pancit Canton,Cooked Dishes,320,704,80,32,48,6.4,192,6.4,0.32,0.64,25.6,32,1760,8
Pancit Canton,Cooked Dishes,240,528,60,24,36,4.8,144,4.8,0.24,0.48,19.2,24,1320,6
Pancit Canton,Cooked Dishes,208,457.6,52,20.8,31.2,4.16,124.8,4.16,0.208,0.416,16.64,20.8,1144,5.2
Pancit Canton,Cooked Dishes,160,352,40,16,24,3.2,96,3.2,0.16,0.32,12.8,16,880,4
Pancit Canton,Cooked Dishes,112,246.4,28,11.2,16.8,2.24,67.2,2.24,0.112,0.224,8.96,11.2,616,2.8
Pancit Canton,Cooked Dishes,80,176,20,8,12,1.6,48,1.6,0.08,0.16,6.4,8,440,2
Pancit Canton,Cooked Dishes,32,70.4,8,3.2,4.8,0.64,19.2,0.64,0.032,0.064,2.56,3.2,176,0.8
Pork Menudo,Cooked Dishes,1200,2400,48,144,192,24,780,72,2.4,3.6,120,180,7200,30
Pork Menudo,Cooked Dishes,720,1440,28.8,86.4,115.2,14.4,468,43.2,1.44,2.16,72,108,4320,18
Pork Menudo,Cooked Dishes,480,960,19.2,57.6,76.8,9.6,312,28.8,0.96,1.44,48,72,2880,12
Pork Menudo,Cooked Dishes,360,720,14.4,43.2,57.6,7.2,234,21.6,0.72,1.08,36,54,2160,9
Pork Menudo,Cooked Dishes,312,624,12.48,37.44,49.92,6.24,202.8,18.72,0.624,0.936,31.2,46.8,1872,7.8
Pork Menudo,Cooked Dishes,240,480,9.6,28.8,38.4,4.8,156,14.4,0.48,0.72,24,36,1440,6
Pork Menudo,Cooked Dishes,168,336,6.72,20.16,26.88,3.36,109.2,10.08,0.336,0.504,16.8,25.2,1008,4.2
Pork Menudo,Cooked Dishes,120,240,4.8,14.4,19.2,2.4,78,7.2,0.24,0.36,12,18,720,3
Pork Menudo,Cooked Dishes,48,96,1.92,5.76,7.68,0.96,31.2,2.88,0.096,0.144,4.8,7.2,288,1.2
Shrimp Sinigang,Cooked Dishes,1200,1440,24,96,216,12,900,240,2.4,3.6,240,300,8400,24
Shrimp Sinigang,Cooked Dishes,720,864,14.4,57.6,129.6,7.2,540,144,1.44,2.16,144,180,5040,14.4
Shrimp Sinigang,Cooked Dishes,480,576,9.6,38.4,86.4,4.8,360,96,0.96,1.44,96,120,3360,9.6
Shrimp Sinigang,Cooked Dishes,360,432,7.2,28.8,64.8,3.6,270,72,0.72,1.08,72,90,2520,7.2
Shrimp Sinigang,Cooked Dishes,312,374.4,6.24,24.96,56.16,3.12,234,62.4,0.624,0.936,62.4,78,2184,6.24
Shrimp Sinigang,Cooked Dishes,240,288,4.8,19.2,43.2,2.4,180,48,0.48,0.72,48,60,1680,4.8
Shrimp Sinigang,Cooked Dishes,168,201.6,3.36,13.44,30.24,1.68,126,33.6,0.336,0.504,33.6,42,1176,3.36
Shrimp Sinigang,Cooked Dishes,120,144,2.4,9.6,21.6,1.2,90,24,0.24,0.36,24,30,840,2.4
Shrimp Sinigang,Cooked Dishes,48,57.6,0.96,3.84,8.64,0.48,36,9.6,0.096,0.144,9.6,12,336,0.96
Green Apple,Fruits,910,573.3,135.59,0.91,4.55,27.3,767.13,0,0.091,0.182,18.2,91,36.4,0.91
Green Apple,Fruits,546,343.98,81.354,0.546,2.73,16.38,460.278,0,0.0546,0.1092,10.92,54.6,21.84,0.546
Green Apple,Fruits,364,229.32,54.236,0.364,1.82,10.92,306.852,0,0.0364,0.0728,7.28,36.4,14.56,0.364
Green Apple,Fruits,273,171.99,40.677,0.273,1.365,8.19,230.139,0,0.0273,0.0546,5.46,27.3,10.92,0.273
Green Apple,Fruits,236.6,149.058,35.2534,0.2366,1.183,7.098,199.4538,0,0.02366,0.04732,4.732,23.66,9.464,0.2366
Green Apple,Fruits,182,114.66,27.118,0.182,0.91,5.46,153.426,0,0.0182,0.0364,3.64,18.2,7.28,0.182
Green Apple,Fruits,127.4,80.262,18.9826,0.1274,0.637,3.822,107.3982,0,0.01274,0.02548,2.548,12.74,5.096,0.1274
Green Apple,Fruits,91,57.33,13.559,0.091,0.455,2.73,76.713,0,0.0091,0.0182,1.82,9.1,3.64,0.091
Green Apple,Fruits,36.4,22.932,5.4236,0.0364,0.182,1.092,30.6852,0,0.00364,0.00728,0.728,3.64,1.456,0.0364
Carabao Mango,Fruits,1680,1176,275.52,3.36,10.08,28.56,1384.32,0,1.512,1.176,772.8,168,67.2,10.08
Carabao Mango,Fruits,1008,705.6,165.312,2.016,6.048,17.136,830.592,0,0.9072,0.7056,463.68,100.8,40.32,6.048
Carabao Mango,Fruits,672,470.4,110.208,1.344,4.032,11.424,553.728,0,0.6048,0.4704,309.12,67.2,26.88,4.032
Carabao Mango,Fruits,504,352.8,82.656,1.008,3.024,8.568,415.296,0,0.4536,0.3528,231.84,50.4,20.16,3.024
Carabao Mango,Fruits,436.8,305.76,71.6352,0.8736,2.6208,7.4256,359.9232,0,0.39312,0.30576,200.928,43.68,17.472,2.6208
Carabao Mango,Fruits,336,235.2,55.104,0.672,2.016,5.712,276.864,0,0.3024,0.2352,154.56,33.6,13.44,2.016
Carabao Mango,Fruits,235.2,164.64,38.5728,0.4704,1.4112,3.9984,193.8048,0,0.21168,0.16464,108.192,23.52,9.408,1.4112
Carabao Mango,Fruits,168,117.6,27.552,0.336,1.008,2.856,138.432,0,0.1512,0.1176,77.28,16.8,6.72,1.008
Carabao Mango,Fruits,67.2,47.04,11.0208,0.1344,0.4032,1.1424,55.3728,0,0.06048,0.04704,30.912,6.72,2.688,0.4032
Lakatan Banana,Fruits,590,743.4,174.64,1.18,8.26,19.47,401.2,0,0.177,0.295,147.5,123.9,11.8,4.72
Lakatan Banana,Fruits,354,446.04,104.784,0.708,4.956,11.682,240.72,0,0.1062,0.177,88.5,74.34,7.08,2.832
Lakatan Banana,Fruits,236,297.36,69.856,0.472,3.304,7.788,160.48,0,0.0708,0.118,59,49.56,4.72,1.888
Lakatan Banana,Fruits,177,223.02,52.392,0.354,2.478,5.841,120.36,0,0.0531,0.0885,44.25,37.17,3.54,1.416
Lakatan Banana,Fruits,153.4,193.284,45.4064,0.3068,2.1476,5.0622,104.312,0,0.04602,0.0767,38.35,32.214,3.068,1.2272
Lakatan Banana,Fruits,118,148.68,34.928,0.236,1.652,3.894,80.24,0,0.0354,0.059,29.5,24.78,2.36,0.944
Lakatan Banana,Fruits,82.6,104.076,24.4496,0.1652,1.1564,2.7258,56.168,0,0.02478,0.0413,20.65,17.346,1.652,0.6608
Lakatan Banana,Fruits,59,74.34,17.464,0.118,0.826,1.947,40.12,0,0.0177,0.0295,14.75,12.39,1.18,0.472
Lakatan Banana,Fruits,23.6,29.736,6.9856,0.0472,0.3304,0.7788,16.048,0,0.00708,0.0118,5.9,4.956,0.472,0.1888
Guyabano,Fruits,1125,787.5,182.25,1.125,12.375,36,922.5,0,1.0125,0.7875,303.75,180,45,6.75
Guyabano,Fruits,675,472.5,109.35,0.675,7.425,21.6,553.5,0,0.6075,0.4725,182.25,108,27,4.05
Guyabano,Fruits,450,315,72.9,0.45,4.95,14.4,369,0,0.405,0.315,121.5,72,18,2.7
Guyabano,Fruits,337.5,236.25,54.675,0.3375,3.7125,10.8,276.75,0,0.30375,0.23625,91.125,54,13.5,2.025
Guyabano,Fruits,292.5,204.75,47.385,0.2925,3.2175,9.36,239.85,0,0.26325,0.20475,78.975,46.8,11.7,1.755
Guyabano,Fruits,225,157.5,36.45,0.225,2.475,7.2,184.5,0,0.2025,0.1575,60.75,36,9,1.35
Guyabano,Fruits,157.5,110.25,25.515,0.1575,1.7325,5.04,129.15,0,0.14175,0.11025,42.525,25.2,6.3,0.945
Guyabano,Fruits,112.5,78.75,18.225,0.1125,1.2375,3.6,92.25,0,0.10125,0.07875,30.375,18,4.5,0.675
Guyabano,Fruits,45,31.5,7.29,0.045,0.495,1.44,36.9,0,0.0405,0.0315,12.15,7.2,1.8,0.27
Red Grapes,Fruits,460,381.8,90.62,1.38,1.84,4.6,364.32,0,0.276,0.092,13.8,27.6,73.6,1.84
Red Grapes,Fruits,276,229.08,54.372,0.828,1.104,2.76,218.592,0,0.1656,0.0552,8.28,16.56,44.16,1.104
Red Grapes,Fruits,184,152.72,36.248,0.552,0.736,1.84,145.728,0,0.1104,0.0368,5.52,11.04,29.44,0.736
Red Grapes,Fruits,138,114.54,27.186,0.414,0.552,1.38,109.296,0,0.0828,0.0276,4.14,8.28,22.08,0.552
Red Grapes,Fruits,119.6,99.268,23.5612,0.3588,0.4784,1.196,94.7232,0,0.07176,0.02392,3.588,7.176,19.136,0.4784
Red Grapes,Fruits,92,76.36,18.124,0.276,0.368,0.92,72.864,0,0.0552,0.0184,2.76,5.52,14.72,0.368
Red Grapes,Fruits,64.4,53.452,12.6868,0.1932,0.2576,0.644,51.0048,0,0.03864,0.01288,1.932,3.864,10.304,0.2576
Red Grapes,Fruits,46,38.18,9.062,0.138,0.184,0.46,36.432,0,0.0276,0.0092,1.38,2.76,7.36,0.184
Red Grapes,Fruits,18.4,15.272,3.6248,0.0552,0.0736,0.184,14.5728,0,0.01104,0.00368,0.552,1.104,2.944,0.0736
Mangosteen,Fruits,980,823.2,182.28,7.84,6.86,17.64,781.06,0,0.588,0.098,19.6,176.4,117.6,2.94
Mangosteen,Fruits,588,493.92,109.368,4.704,4.116,10.584,468.636,0,0.3528,0.0588,11.76,105.84,70.56,1.764
Mangosteen,Fruits,392,329.28,72.912,3.136,2.744,7.056,312.424,0,0.2352,0.0392,7.84,70.56,47.04,1.176
Mangosteen,Fruits,294,246.96,54.684,2.352,2.058,5.292,234.318,0,0.1764,0.0294,5.88,52.92,35.28,0.882
Mangosteen,Fruits,254.8,214.032,47.3928,2.0384,1.7836,4.5864,203.0756,0,0.15288,0.02548,5.096,45.864,30.576,0.7644
Mangosteen,Fruits,196,164.64,36.456,1.568,1.372,3.528,156.212,0,0.1176,0.0196,3.92,35.28,23.52,0.588
Mangosteen,Fruits,137.2,115.248,25.5192,1.0976,0.9604,2.4696,109.3484,0,0.08232,0.01372,2.744,24.696,16.464,0.4116
Mangosteen,Fruits,98,82.32,18.228,0.784,0.686,1.764,78.106,0,0.0588,0.0098,1.96,17.64,11.76,0.294
Mangosteen,Fruits,39.2,32.928,7.2912,0.3136,0.2744,0.7056,31.2424,0,0.02352,0.00392,0.784,7.056,4.704,0.1176
Mandarin Orange,Fruits,655,203.05,45.195,1.31,1.965,5.895,604.565,0,0.1965,0.1965,203.05,203.05,6.55,1.965
Mandarin Orange,Fruits,393,121.83,27.117,0.786,1.179,3.537,362.739,0,0.1179,0.1179,121.83,121.83,3.93,1.179
Mandarin Orange,Fruits,262,81.22,18.078,0.524,0.786,2.358,241.826,0,0.0786,0.0786,81.22,81.22,2.62,0.786
Mandarin Orange,Fruits,196.5,60.915,13.5585,0.393,0.5895,1.7685,181.3695,0,0.05895,0.05895,60.915,60.915,1.965,0.5895
Mandarin Orange,Fruits,170.3,52.793,11.7507,0.3406,0.5109,1.5327,157.1869,0,0.05109,0.05109,52.793,52.793,1.703,0.5109
Mandarin Orange,Fruits,131,40.61,9.039,0.262,0.393,1.179,120.913,0,0.0393,0.0393,40.61,40.61,1.31,0.393
Mandarin Orange,Fruits,91.7,28.427,6.3273,0.1834,0.2751,0.8253,84.6391,0,0.02751,0.02751,28.427,28.427,0.917,0.2751
Mandarin Orange,Fruits,65.5,20.305,4.5195,0.131,0.1965,0.5895,60.4565,0,0.01965,0.01965,20.305,20.305,0.655,0.1965
Mandarin Orange,Fruits,26.2,8.122,1.8078,0.0524,0.0786,0.2358,24.1826,0,0.00786,0.00786,8.122,8.122,0.262,0.0786
Pomelo,Fruits,950,484.5,100.7,5.7,6.65,10.45,834.1,0,0.38,0.285,437,285,19,6.65
Pomelo,Fruits,570,290.7,60.42,3.42,3.99,6.27,500.46,0,0.228,0.171,262.2,171,11.4,3.99
Pomelo,Fruits,380,193.8,40.28,2.28,2.66,4.18,333.64,0,0.152,0.114,174.8,114,7.6,2.66
Pomelo,Fruits,285,145.35,30.21,1.71,1.995,3.135,250.23,0,0.114,0.0855,131.1,85.5,5.7,1.995
Pomelo,Fruits,247,125.97,26.182,1.482,1.729,2.717,216.866,0,0.0988,0.0741,113.62,74.1,4.94,1.729
Pomelo,Fruits,190,96.9,20.14,1.14,1.33,2.09,166.82,0,0.076,0.057,87.4,57,3.8,1.33
Pomelo,Fruits,133,67.83,14.098,0.798,0.931,1.463,116.774,0,0.0532,0.0399,61.18,39.9,2.66,0.931
Pomelo,Fruits,95,48.45,10.07,0.57,0.665,1.045,83.41,0,0.038,0.0285,43.7,28.5,1.9,0.665
Pomelo,Fruits,38,19.38,4.028,0.228,0.266,0.418,33.364,0,0.0152,0.0114,17.48,11.4,0.76,0.266
Rambutan,Fruits,715,622.05,132.99,6.435,8.58,6.435,554.84,0,0.143,0.715,650.65,228.8,128.7,2.86
Rambutan,Fruits,429,373.23,79.794,3.861,5.148,3.861,332.904,0,0.0858,0.429,390.39,137.28,77.22,1.716
Rambutan,Fruits,286,248.82,53.196,2.574,3.432,2.574,221.936,0,0.0572,0.286,260.26,91.52,51.48,1.144
Rambutan,Fruits,214.5,186.615,39.897,1.9305,2.574,1.9305,166.452,0,0.0429,0.2145,195.195,68.64,38.61,0.858
Rambutan,Fruits,185.9,161.733,34.5774,1.6731,2.2308,1.6731,144.2584,0,0.03718,0.1859,169.169,59.488,33.462,0.7436
Rambutan,Fruits,143,124.41,26.598,1.287,1.716,1.287,110.968,0,0.0286,0.143,130.13,45.76,25.74,0.572
Rambutan,Fruits,100.1,87.087,18.6186,0.9009,1.2012,0.9009,77.6776,0,0.02002,0.1001,91.091,32.032,18.018,0.4004
Rambutan,Fruits,71.5,62.205,13.299,0.6435,0.858,0.6435,55.484,0,0.0143,0.0715,65.065,22.88,12.87,0.286
Rambutan,Fruits,28.6,24.882,5.3196,0.2574,0.3432,0.2574,22.1936,0,0.00572,0.0286,26.026,9.152,5.148,0.1144
Strawberry,Fruits,760,258.4,54.72,1.52,6.08,14.44,693.88,0,0.228,0.228,737.2,258.4,7.6,9.12
Strawberry,Fruits,456,155.04,32.832,0.912,3.648,8.664,416.328,0,0.1368,0.1368,442.32,155.04,4.56,5.472
Strawberry,Fruits,304,103.36,21.888,0.608,2.432,5.776,277.552,0,0.0912,0.0912,294.88,103.36,3.04,3.648
Strawberry,Fruits,228,77.52,16.416,0.456,1.824,4.332,208.164,0,0.0684,0.0684,221.16,77.52,2.28,2.736
Strawberry,Fruits,197.6,67.184,14.2272,0.3952,1.5808,3.7544,180.4088,0,0.05928,0.05928,191.672,67.184,1.976,2.3712
Strawberry,Fruits,152,51.68,10.944,0.304,1.216,2.888,138.776,0,0.0456,0.0456,147.44,51.68,1.52,1.824
Strawberry,Fruits,106.4,36.176,7.6608,0.2128,0.8512,2.0216,97.1432,0,0.03192,0.03192,103.208,36.176,1.064,1.2768
Strawberry,Fruits,76,25.84,5.472,0.152,0.608,1.444,69.388,0,0.0228,0.0228,73.72,25.84,0.76,0.912
Strawberry,Fruits,30.4,10.336,2.1888,0.0608,0.2432,0.5776,27.7552,0,0.00912,0.00912,29.488,10.336,0.304,0.3648
Broccoli,Vegetables,455,154.7,30.212,1.6835,12.831,11.83,406.315,0,0.3185,0.546,405.86,213.85,150.15,3.3215
Broccoli,Vegetables,273,92.82,18.1272,1.0101,7.6986,7.098,243.789,0,0.1911,0.3276,243.516,128.31,90.09,1.9929
Broccoli,Vegetables,182,61.88,12.0848,0.6734,5.1324,4.732,162.526,0,0.1274,0.2184,162.344,85.54,60.06,1.3286
Broccoli,Vegetables,136.5,46.41,9.0636,0.50505,3.8493,3.549,121.8945,0,0.09555,0.1638,121.758,64.155,45.045,0.99645
Broccoli,Vegetables,118.3,40.222,7.85512,0.43771,3.33606,3.0758,105.6419,0,0.08281,0.14196,105.5236,55.601,39.039,0.86359
Broccoli,Vegetables,91,30.94,6.0424,0.3367,2.5662,2.366,81.263,0,0.0637,0.1092,81.172,42.77,30.03,0.6643
Broccoli,Vegetables,63.7,21.658,4.22968,0.23569,1.79634,1.6562,56.8841,0,0.04459,0.07644,56.8204,29.939,21.021,0.46501
Broccoli,Vegetables,45.5,15.47,3.0212,0.16835,1.2831,1.183,40.6315,0,0.03185,0.0546,40.586,21.385,15.015,0.33215
Broccoli,Vegetables,18.2,6.188,1.20848,0.06734,0.51324,0.4732,16.2526,0,0.01274,0.02184,16.2344,8.554,6.006,0.13286
Winged Bean,Vegetables,500,155,25.5,1.5,10,15.5,460.5,0,1.7,0.3,0,190,40,2.5
Winged Bean,Vegetables,300,93,15.3,0.9,6,9.3,276.3,0,1.02,0.18,0,114,24,1.5
Winged Bean,Vegetables,200,62,10.2,0.6,4,6.2,184.2,0,0.68,0.12,0,76,16,1
Winged Bean,Vegetables,150,46.5,7.65,0.45,3,4.65,138.15,0,0.51,0.09,0,57,12,0.75
Winged Bean,Vegetables,130,40.3,6.63,0.39,2.6,4.03,119.73,0,0.442,0.078,0,49.4,10.4,0.65
Winged Bean,Vegetables,100,31,5.1,0.3,2,3.1,92.1,0,0.34,0.06,0,38,8,0.5
Winged Bean,Vegetables,70,21.7,3.57,0.21,1.4,2.17,64.47,0,0.238,0.042,0,26.6,5.6,0.35
Winged Bean,Vegetables,50,15.5,2.55,0.15,1,1.55,46.05,0,0.17,0.03,0,19,4,0.25
Winged Bean,Vegetables,20,6.2,1.02,0.06,0.4,0.62,18.42,0,0.068,0.012,0,7.6,1.6,0.1
Roma Tomato,Vegetables,615,153.75,31.98,0.615,4.92,1.845,574.41,0,0.3075,0.1845,18.45,36.9,67.65,2.46
Roma Tomato,Vegetables,369,92.25,19.188,0.369,2.952,1.107,344.646,0,0.1845,0.1107,11.07,22.14,40.59,1.476
Roma Tomato,Vegetables,246,61.5,12.792,0.246,1.968,0.738,229.764,0,0.123,0.0738,7.38,14.76,27.06,0.984
Roma Tomato,Vegetables,184.5,46.125,9.594,0.1845,1.476,0.5535,172.323,0,0.09225,0.05535,5.535,11.07,20.295,0.738
Roma Tomato,Vegetables,159.9,39.975,8.3148,0.1599,1.2792,0.4797,149.3466,0,0.07995,0.04797,4.797,9.594,17.589,0.6396
Roma Tomato,Vegetables,123,30.75,6.396,0.123,0.984,0.369,114.882,0,0.0615,0.0369,3.69,7.38,13.53,0.492
Roma Tomato,Vegetables,86.1,21.525,4.4772,0.0861,0.6888,0.2583,80.4174,0,0.04305,0.02583,2.583,5.166,9.471,0.3444
Roma Tomato,Vegetables,61.5,15.375,3.198,0.0615,0.492,0.1845,57.441,0,0.03075,0.01845,1.845,3.69,6.765,0.246
Roma Tomato,Vegetables,24.6,6.15,1.2792,0.0246,0.1968,0.0738,22.9764,0,0.0123,0.00738,0.738,1.476,2.706,0.0984
Red Bell Pepper,Vegetables,745,268.2,58.11,2.235,3.725,18.625,677.205,0,0.3725,0.447,134.1,216.05,29.8,3.725
Red Bell Pepper,Vegetables,447,160.92,34.866,1.341,2.235,11.175,406.323,0,0.2235,0.2682,80.46,129.63,17.88,2.235
Red Bell Pepper,Vegetables,298,107.28,23.244,0.894,1.49,7.45,270.882,0,0.149,0.1788,53.64,86.42,11.92,1.49
Red Bell Pepper,Vegetables,223.5,80.46,17.433,0.6705,1.1175,5.5875,203.1615,0,0.11175,0.1341,40.23,64.815,8.94,1.1175
Red Bell Pepper,Vegetables,193.7,69.732,15.1086,0.5811,0.9685,4.8425,176.0733,0,0.09685,0.11622,34.866,56.173,7.748,0.9685
Red Bell Pepper,Vegetables,149,53.64,11.622,0.447,0.745,3.725,135.441,0,0.0745,0.0894,26.82,43.21,5.96,0.745
Red Bell Pepper,Vegetables,104.3,37.548,8.1354,0.3129,0.5215,2.6075,94.8087,0,0.05215,0.06258,18.774,30.247,4.172,0.5215
Red Bell Pepper,Vegetables,74.5,26.82,5.811,0.2235,0.3725,1.8625,67.7205,0,0.03725,0.0447,13.41,21.605,2.98,0.3725
Red Bell Pepper,Vegetables,29.8,10.728,2.3244,0.0894,0.149,0.745,27.0882,0,0.0149,0.01788,5.364,8.642,1.192,0.149
Okra,Vegetables,500,170,29.5,1.5,9,18,456.5,0,0.3,0.35,5,255,55,2
Okra,Vegetables,300,102,17.7,0.9,5.4,10.8,273.9,0,0.18,0.21,3,153,33,1.2
Okra,Vegetables,200,68,11.8,0.6,3.6,7.2,182.6,0,0.12,0.14,2,102,22,0.8
Okra,Vegetables,150,51,8.85,0.45,2.7,5.4,136.95,0,0.09,0.105,1.5,76.5,16.5,0.6
Okra,Vegetables,130,44.2,7.67,0.39,2.34,4.68,118.69,0,0.078,0.091,1.3,66.3,14.3,0.52
Okra,Vegetables,100,34,5.9,0.3,1.8,3.6,91.3,0,0.06,0.07,1,51,11,0.4
Okra,Vegetables,70,23.8,4.13,0.21,1.26,2.52,63.91,0,0.042,0.049,0.7,35.7,7.7,0.28
Okra,Vegetables,50,17,2.95,0.15,0.9,1.8,45.65,0,0.03,0.035,0.5,25.5,5.5,0.2
Okra,Vegetables,20,6.8,1.18,0.06,0.36,0.72,18.26,0,0.012,0.014,0.2,10.2,2.2,0.08
Eggplant,Vegetables,410,118.9,22.55,0.82,4.92,6.56,380.07,0,0.41,0.205,12.3,45.1,12.3,1.23
Eggplant,Vegetables,246,71.34,13.53,0.492,2.952,3.936,228.042,0,0.246,0.123,7.38,27.06,7.38,0.738
Eggplant,Vegetables,164,47.56,9.02,0.328,1.968,2.624,152.028,0,0.164,0.082,4.92,18.04,4.92,0.492
Eggplant,Vegetables,123,35.67,6.765,0.246,1.476,1.968,114.021,0,0.123,0.0615,3.69,13.53,3.69,0.369
Eggplant,Vegetables,106.6,30.914,5.863,0.2132,1.2792,1.7056,98.8182,0,0.1066,0.0533,3.198,11.726,3.198,0.3198
Eggplant,Vegetables,82,23.78,4.51,0.164,0.984,1.312,76.014,0,0.082,0.041,2.46,9.02,2.46,0.246
Eggplant,Vegetables,57.4,16.646,3.157,0.1148,0.6888,0.9184,53.2098,0,0.0574,0.0287,1.722,6.314,1.722,0.1722
Eggplant,Vegetables,41,11.89,2.255,0.082,0.492,0.656,38.007,0,0.041,0.0205,1.23,4.51,1.23,0.123
Eggplant,Vegetables,16.4,4.756,0.902,0.0328,0.1968,0.2624,15.2028,0,0.0164,0.0082,0.492,1.804,0.492,0.0492
Cucumber,Vegetables,595,95.2,19.04,0.595,2.975,4.165,570.605,0,0.119,0.119,11.9,71.4,77.35,0.595
Cucumber,Vegetables,357,57.12,11.424,0.357,1.785,2.499,342.363,0,0.0714,0.0714,7.14,42.84,46.41,0.357
Cucumber,Vegetables,238,38.08,7.616,0.238,1.19,1.666,228.242,0,0.0476,0.0476,4.76,28.56,30.94,0.238
Cucumber,Vegetables,178.5,28.56,5.712,0.1785,0.8925,1.2495,171.1815,0,0.0357,0.0357,3.57,21.42,23.205,0.1785
Cucumber,Vegetables,154.7,24.752,4.9504,0.1547,0.7735,1.0829,148.3573,0,0.03094,0.03094,3.094,18.564,20.111,0.1547
Cucumber,Vegetables,119,19.04,3.808,0.119,0.595,0.833,114.121,0,0.0238,0.0238,2.38,14.28,15.47,0.119
Cucumber,Vegetables,83.3,13.328,2.6656,0.0833,0.4165,0.5831,79.8847,0,0.01666,0.01666,1.666,9.996,10.829,0.0833
Cucumber,Vegetables,59.5,9.52,1.904,0.0595,0.2975,0.4165,57.0605,0,0.0119,0.0119,1.19,7.14,7.735,0.0595
Cucumber,Vegetables,23.8,3.808,0.7616,0.0238,0.119,0.1666,22.8242,0,0.00476,0.00476,0.476,2.856,3.094,0.0238
Cauliflower,Vegetables,500,160,26,1.5,10.5,10.5,458.5,0,0.25,0.6,410,205,70,4
Cauliflower,Vegetables,300,96,15.6,0.9,6.3,6.3,275.1,0,0.15,0.36,246,123,42,2.4
Cauliflower,Vegetables,200,64,10.4,0.6,4.2,4.2,183.4,0,0.1,0.24,164,82,28,1.6
Cauliflower,Vegetables,150,48,7.8,0.45,3.15,3.15,137.55,0,0.075,0.18,123,61.5,21,1.2
Cauliflower,Vegetables,130,41.6,6.76,0.39,2.73,2.73,119.21,0,0.065,0.156,106.6,53.3,18.2,1.04
Cauliflower,Vegetables,100,32,5.2,0.3,2.1,2.1,91.7,0,0.05,0.12,82,41,14,0.8
Cauliflower,Vegetables,70,22.4,3.64,0.21,1.47,1.47,64.19,0,0.035,0.084,57.4,28.7,9.8,0.56
Cauliflower,Vegetables,50,16,2.6,0.15,1.05,1.05,45.85,0,0.025,0.06,41,20.5,7,0.4
Cauliflower,Vegetables,20,6.4,1.04,0.06,0.42,0.42,18.34,0,0.01,0.024,16.4,8.2,2.8,0.16
Carrot,Vegetables,640,268.8,55.04,1.92,7.04,16.64,570.24,0,0.192,0.192,0,160,166.4,1.28
Carrot,Vegetables,384,161.28,33.024,1.152,4.224,9.984,342.144,0,0.1152,0.1152,0,96,99.84,0.768
Carrot,Vegetables,256,107.52,22.016,0.768,2.816,6.656,228.096,0,0.0768,0.0768,0,64,66.56,0.512
Carrot,Vegetables,192,80.64,16.512,0.576,2.112,4.992,171.072,0,0.0576,0.0576,0,48,49.92,0.384
Carrot,Vegetables,166.4,69.888,14.3104,0.4992,1.8304,4.3264,148.2624,0,0.04992,0.04992,0,41.6,43.264,0.3328
Carrot,Vegetables,128,53.76,11.008,0.384,1.408,3.328,114.048,0,0.0384,0.0384,0,32,33.28,0.256
Carrot,Vegetables,89.6,37.632,7.7056,0.2688,0.9856,2.3296,79.8336,0,0.02688,0.02688,0,22.4,23.296,0.1792
Carrot,Vegetables,64,26.88,5.504,0.192,0.704,1.664,57.024,0,0.0192,0.0192,0,16,16.64,0.128
Carrot,Vegetables,25.6,10.752,2.2016,0.0768,0.2816,0.6656,22.8096,0,0.00768,0.00768,0,6.4,6.656,0.0512
Bitter Gourd,Vegetables,470,108.1,19.74,0.94,4.7,6.11,441.33,0,0.235,0.188,9.4,103.4,70.5,1.88
Bitter Gourd,Vegetables,282,64.86,11.844,0.564,2.82,3.666,264.798,0,0.141,0.1128,5.64,62.04,42.3,1.128
Bitter Gourd,Vegetables,188,43.24,7.896,0.376,1.88,2.444,176.532,0,0.094,0.0752,3.76,41.36,28.2,0.752
Bitter Gourd,Vegetables,141,32.43,5.922,0.282,1.41,1.833,132.399,0,0.0705,0.0564,2.82,31.02,21.15,0.564
Bitter Gourd,Vegetables,122.2,28.106,5.1324,0.2444,1.222,1.5886,114.7458,0,0.0611,0.04888,2.444,26.884,18.33,0.4888
Bitter Gourd,Vegetables,94,21.62,3.948,0.188,0.94,1.222,88.266,0,0.047,0.0376,1.88,20.68,14.1,0.376
Bitter Gourd,Vegetables,65.8,15.134,2.7636,0.1316,0.658,0.8554,61.7862,0,0.0329,0.02632,1.316,14.476,9.87,0.2632
Bitter Gourd,Vegetables,47,10.81,1.974,0.094,0.47,0.611,44.133,0,0.0235,0.0188,0.94,10.34,7.05,0.188
Bitter Gourd,Vegetables,18.8,4.324,0.7896,0.0376,0.188,0.2444,17.6532,0,0.0094,0.00752,0.376,4.136,2.82,0.0752
White Rice,Grains,930,1199.7,276.21,1.86,19.53,3.72,628.68,0,0.186,0.186,0,102.3,27.9,5.58
White Rice,Grains,558,719.82,165.726,1.116,11.718,2.232,377.208,0,0.1116,0.1116,0,61.38,16.74,3.348
White Rice,Grains,372,479.88,110.484,0.744,7.812,1.488,251.472,0,0.0744,0.0744,0,40.92,11.16,2.232
White Rice,Grains,279,359.91,82.863,0.558,5.859,1.116,188.604,0,0.0558,0.0558,0,30.69,8.37,1.674
White Rice,Grains,241.8,311.922,71.8146,0.4836,5.0778,0.9672,163.4568,0,0.04836,0.04836,0,26.598,7.254,1.4508
White Rice,Grains,186,239.94,55.242,0.372,3.906,0.744,125.736,0,0.0372,0.0372,0,20.46,5.58,1.116
White Rice,Grains,130.2,167.958,38.6694,0.2604,2.7342,0.5208,88.0152,0,0.02604,0.02604,0,14.322,3.906,0.7812
White Rice,Grains,93,119.97,27.621,0.186,1.953,0.372,62.868,0,0.0186,0.0186,0,10.23,2.79,0.558
White Rice,Grains,37.2,47.988,11.0484,0.0744,0.7812,0.1488,25.1472,0,0.00744,0.00744,0,4.092,1.116,0.2232
Brown Rice,Grains,975,3539.25,743.925,27.3,78.975,29.25,113.1,0,0.39,0,39,58.5,87.75,17.55
Brown Rice,Grains,585,2123.55,446.355,16.38,47.385,17.55,67.86,0,0.234,0,23.4,35.1,52.65,10.53
Brown Rice,Grains,390,1415.7,297.57,10.92,31.59,11.7,45.24,0,0.156,0,15.6,23.4,35.1,7.02
Brown Rice,Grains,292.5,1061.775,223.1775,8.19,23.6925,8.775,33.93,0,0.117,0,11.7,17.55,26.325,5.265
Brown Rice,Grains,253.5,920.205,193.4205,7.098,20.5335,7.605,29.406,0,0.1014,0,10.14,15.21,22.815,4.563
Brown Rice,Grains,195,707.85,148.785,5.46,15.795,5.85,22.62,0,0.078,0,7.8,11.7,17.55,3.51
Brown Rice,Grains,136.5,495.495,104.1495,3.822,11.0565,4.095,15.834,0,0.0546,0,5.46,8.19,12.285,2.457
Brown Rice,Grains,97.5,353.925,74.3925,2.73,7.8975,2.925,11.31,0,0.039,0,3.9,5.85,8.775,1.755
Brown Rice,Grains,39,141.57,29.757,1.092,3.159,1.17,4.524,0,0.0156,0,1.56,2.34,3.51,0.702
Sweet Corn,Grains,770,1332.1,272.58,11.55,33.88,26.95,445.83,0,1.694,1.001,84.7,61.6,23.1,6.16
Sweet Corn,Grains,462,799.26,163.548,6.93,20.328,16.17,267.498,0,1.0164,0.6006,50.82,36.96,13.86,3.696
Sweet Corn,Grains,308,532.84,109.032,4.62,13.552,10.78,178.332,0,0.6776,0.4004,33.88,24.64,9.24,2.464
Sweet Corn,Grains,231,399.63,81.774,3.465,10.164,8.085,133.749,0,0.5082,0.3003,25.41,18.48,6.93,1.848
Sweet Corn,Grains,200.2,346.346,70.8708,3.003,8.8088,7.007,115.9158,0,0.44044,0.26026,22.022,16.016,6.006,1.6016
Sweet Corn,Grains,154,266.42,54.516,2.31,6.776,5.39,89.166,0,0.3388,0.2002,16.94,12.32,4.62,1.232
Sweet Corn,Grains,107.8,186.494,38.1612,1.617,4.7432,3.773,62.4162,0,0.23716,0.14014,11.858,8.624,3.234,0.8624
Sweet Corn,Grains,77,133.21,27.258,1.155,3.388,2.695,44.583,0,0.1694,0.1001,8.47,6.16,2.31,0.616
Sweet Corn,Grains,30.8,53.284,10.9032,0.462,1.3552,1.078,17.8332,0,0.06776,0.04004,3.388,2.464,0.924,0.2464
White Bread,Grains,125,411.25,76.375,6.375,12.125,4.125,29,0,0.25,0.2,0,96.25,740,4.875
White Bread,Grains,75,246.75,45.825,3.825,7.275,2.475,17.4,0,0.15,0.12,0,57.75,444,2.925
White Bread,Grains,50,164.5,30.55,2.55,4.85,1.65,11.6,0,0.1,0.08,0,38.5,296,1.95
White Bread,Grains,37.5,123.375,22.9125,1.9125,3.6375,1.2375,8.7,0,0.075,0.06,0,28.875,222,1.4625
White Bread,Grains,32.5,106.925,19.8575,1.6575,3.1525,1.0725,7.54,0,0.065,0.052,0,25.025,192.4,1.2675
White Bread,Grains,25,82.25,15.275,1.275,2.425,0.825,5.8,0,0.05,0.04,0,19.25,148,0.975
White Bread,Grains,17.5,57.575,10.6925,0.8925,1.6975,0.5775,4.06,0,0.035,0.028,0,13.475,103.6,0.6825
White Bread,Grains,12.5,41.125,7.6375,0.6375,1.2125,0.4125,2.9,0,0.025,0.02,0,9.625,74,0.4875
White Bread,Grains,5,16.45,3.055,0.255,0.485,0.165,1.16,0,0.01,0.008,0,3.85,29.6,0.195
Rolled Oats,Grains,1170,4949.1,863.46,106.47,133.38,127.53,49.14,0,5.265,1.638,0,4364.1,70.2,42.12
Rolled Oats,Grains,702,2969.46,518.076,63.882,80.028,76.518,29.484,0,3.159,0.9828,0,2618.46,42.12,25.272
Rolled Oats,Grains,468,1979.64,345.384,42.588,53.352,51.012,19.656,0,2.106,0.6552,0,1745.64,28.08,16.848
Rolled Oats,Grains,351,1484.73,259.038,31.941,40.014,38.259,14.742,0,1.5795,0.4914,0,1309.23,21.06,12.636
Rolled Oats,Grains,304.2,1286.766,224.4996,27.6822,34.6788,33.1578,12.7764,0,1.3689,0.42588,0,1134.666,18.252,10.9512
Rolled Oats,Grains,234,989.82,172.692,21.294,26.676,25.506,9.828,0,1.053,0.3276,0,872.82,14.04,8.424
Rolled Oats,Grains,163.8,692.874,120.8844,14.9058,18.6732,17.8542,6.8796,0,0.7371,0.22932,0,610.974,9.828,5.8968
Rolled Oats,Grains,117,494.91,86.346,10.647,13.338,12.753,4.914,0,0.5265,0.1638,0,436.41,7.02,4.212
Rolled Oats,Grains,46.8,197.964,34.5384,4.2588,5.3352,5.1012,1.9656,0,0.2106,0.06552,0,174.564,2.808,1.6848
Chicken Eggs,Meat and Poultry,250,347.5,3.5,23.5,30.75,0,190,502.5,0.175,0.975,0,80,3.25,320
Chicken Eggs,Meat and Poultry,150,208.5,2.1,14.1,18.45,0,114,301.5,0.105,0.585,0,48,1.95,192
Chicken Eggs,Meat and Poultry,100,139,1.4,9.4,12.3,0,76,201,0.07,0.39,0,32,1.3,128
Chicken Eggs,Meat and Poultry,75,104.25,1.05,7.05,9.225,0,57,150.75,0.0525,0.2925,0,24,0.975,96
Chicken Eggs,Meat and Poultry,65,90.35,0.91,6.11,7.995,0,49.4,130.65,0.0455,0.2535,0,20.8,0.845,83.2
Chicken Eggs,Meat and Poultry,50,69.5,0.7,4.7,6.15,0,38,100.5,0.035,0.195,0,16,0.65,64
Chicken Eggs,Meat and Poultry,35,48.65,0.49,3.29,4.305,0,26.6,70.35,0.0245,0.1365,0,11.2,0.455,44.8
Chicken Eggs,Meat and Poultry,25,34.75,0.35,2.35,3.075,0,19,50.25,0.0175,0.0975,0,8,0.325,32
Chicken Eggs,Meat and Poultry,10,13.9,0.14,0.94,1.23,0,7.6,20.1,0.007,0.039,0,3.2,0.13,12.8
Chicken Thigh,Meat and Poultry,435,648.15,0,33.495,86.13,0,314.505,65.25,0.522,0.7395,17.4,65.25,382.8,3.915
Chicken Thigh,Meat and Poultry,261,388.89,0,20.097,51.678,0,188.703,39.15,0.3132,0.4437,10.44,39.15,229.68,2.349
Chicken Thigh,Meat and Poultry,174,259.26,0,13.398,34.452,0,125.802,26.1,0.2088,0.2958,6.96,26.1,153.12,1.566
Chicken Thigh,Meat and Poultry,130.5,194.445,0,10.0485,25.839,0,94.3515,19.575,0.1566,0.22185,5.22,19.575,114.84,1.1745
Chicken Thigh,Meat and Poultry,113.1,168.519,0,8.7087,22.3938,0,81.7713,16.965,0.13572,0.19227,4.524,16.965,99.528,1.0179
Chicken Thigh,Meat and Poultry,87,129.63,0,6.699,17.226,0,62.901,13.05,0.1044,0.1479,3.48,13.05,76.56,0.783
Chicken Thigh,Meat and Poultry,60.9,90.741,0,4.6893,12.0582,0,44.0307,9.135,0.07308,0.10353,2.436,9.135,53.592,0.5481
Chicken Thigh,Meat and Poultry,43.5,64.815,0,3.3495,8.613,0,31.4505,6.525,0.0522,0.07395,1.74,6.525,38.28,0.3915
Chicken Thigh,Meat and Poultry,17.4,25.926,0,1.3398,3.4452,0,12.5802,2.61,0.02088,0.02958,0.696,2.61,15.312,0.1566
Chicken Wings,Meat and Poultry,420,814.8,0,55.44,79.38,0,282.66,105,0.168,0.378,16.8,256.2,340.2,5.04
Chicken Wings,Meat and Poultry,252,488.88,0,33.264,47.628,0,169.596,63,0.1008,0.2268,10.08,153.72,204.12,3.024
Chicken Wings,Meat and Poultry,168,325.92,0,22.176,31.752,0,113.064,42,0.0672,0.1512,6.72,102.48,136.08,2.016
Chicken Wings,Meat and Poultry,126,244.44,0,16.632,23.814,0,84.798,31.5,0.0504,0.1134,5.04,76.86,102.06,1.512
Chicken Wings,Meat and Poultry,109.2,211.848,0,14.4144,20.6388,0,73.4916,27.3,0.04368,0.09828,4.368,66.612,88.452,1.3104
Chicken Wings,Meat and Poultry,84,162.96,0,11.088,15.876,0,56.532,21,0.0336,0.0756,3.36,51.24,68.04,1.008
Chicken Wings,Meat and Poultry,58.8,114.072,0,7.7616,11.1132,0,39.5724,14.7,0.02352,0.05292,2.352,35.868,47.628,0.7056
Chicken Wings,Meat and Poultry,42,81.48,0,5.544,7.938,0,28.266,10.5,0.0168,0.0378,1.68,25.62,34.02,0.504
Chicken Wings,Meat and Poultry,16.8,32.592,0,2.2176,3.1752,0,11.3064,4.2,0.00672,0.01512,0.672,10.248,13.608,0.2016
Chicken Breast,Meat and Poultry,860,1126.6,0,43,185.76,0,628.66,258,0.516,0.516,0,206.4,567.6,8.6
Chicken Breast,Meat and Poultry,516,675.96,0,25.8,111.456,0,377.196,154.8,0.3096,0.3096,0,123.84,340.56,5.16
Chicken Breast,Meat and Poultry,344,450.64,0,17.2,74.304,0,251.464,103.2,0.2064,0.2064,0,82.56,227.04,3.44
Chicken Breast,Meat and Poultry,258,337.98,0,12.9,55.728,0,188.598,77.4,0.1548,0.1548,0,61.92,170.28,2.58
Chicken Breast,Meat and Poultry,223.6,292.916,0,11.18,48.2976,0,163.4516,67.08,0.13416,0.13416,0,53.664,147.576,2.236
Chicken Breast,Meat and Poultry,172,225.32,0,8.6,37.152,0,125.732,51.6,0.1032,0.1032,0,41.28,113.52,1.72
Chicken Breast,Meat and Poultry,120.4,157.724,0,6.02,26.0064,0,88.0124,36.12,0.07224,0.07224,0,28.896,79.464,1.204
Chicken Breast,Meat and Poultry,86,112.66,0,4.3,18.576,0,62.866,25.8,0.0516,0.0516,0,20.64,56.76,0.86
Chicken Breast,Meat and Poultry,34.4,45.064,0,1.72,7.4304,0,25.1464,10.32,0.02064,0.02064,0,8.256,22.704,0.344
Chicken Drumstick,Meat and Poultry,220,448.8,0,33.22,37.62,0,148.94,33,0.22,0.33,8.8,26.4,279.4,2.2
Chicken Drumstick,Meat and Poultry,132,269.28,0,19.932,22.572,0,89.364,19.8,0.132,0.198,5.28,15.84,167.64,1.32
Chicken Drumstick,Meat and Poultry,88,179.52,0,13.288,15.048,0,59.576,13.2,0.088,0.132,3.52,10.56,111.76,0.88
Chicken Drumstick,Meat and Poultry,66,134.64,0,9.966,11.286,0,44.682,9.9,0.066,0.099,2.64,7.92,83.82,0.66
Chicken Drumstick,Meat and Poultry,57.2,116.688,0,8.6372,9.7812,0,38.7244,8.58,0.0572,0.0858,2.288,6.864,72.644,0.572
Chicken Drumstick,Meat and Poultry,44,89.76,0,6.644,7.524,0,29.788,6.6,0.044,0.066,1.76,5.28,55.88,0.44
Chicken Drumstick,Meat and Poultry,30.8,62.832,0,4.6508,5.2668,0,20.8516,4.62,0.0308,0.0462,1.232,3.696,39.116,0.308
Chicken Drumstick,Meat and Poultry,22,44.88,0,3.322,3.762,0,14.894,3.3,0.022,0.033,0.88,2.64,27.94,0.22
Chicken Drumstick,Meat and Poultry,8.8,17.952,0,1.3288,1.5048,0,5.9576,1.32,0.0088,0.0132,0.352,1.056,11.176,0.088
Beef Ground,Meat and Poultry,1100,3542,0,330,158.4,0,597.3,44,0.44,1.65,0,264,726,18.04
Beef Ground,Meat and Poultry,660,2125.2,0,198,95.04,0,358.38,26.4,0.264,0.99,0,158.4,435.6,10.824
Beef Ground,Meat and Poultry,440,1416.8,0,132,63.36,0,238.92,17.6,0.176,0.66,0,105.6,290.4,7.216
Beef Ground,Meat and Poultry,330,1062.6,0,99,47.52,0,179.19,13.2,0.132,0.495,0,79.2,217.8,5.412
Beef Ground,Meat and Poultry,286,920.92,0,85.8,41.184,0,155.298,11.44,0.1144,0.429,0,68.64,188.76,4.6904
Beef Ground,Meat and Poultry,220,708.4,0,66,31.68,0,119.46,8.8,0.088,0.33,0,52.8,145.2,3.608
Beef Ground,Meat and Poultry,154,495.88,0,46.2,22.176,0,83.622,6.16,0.0616,0.231,0,36.96,101.64,2.5256
Beef Ground,Meat and Poultry,110,354.2,0,33,15.84,0,59.73,4.4,0.044,0.165,0,26.4,72.6,1.804
Beef Ground,Meat and Poultry,44,141.68,0,13.2,6.336,0,23.892,1.76,0.0176,0.066,0,10.56,29.04,0.7216
Pork Belly,Meat and Poultry,405,1591.65,0,150.66,58.725,0,192.375,202.5,1.62,0.5265,4.05,60.75,162,4.05
Pork Belly,Meat and Poultry,243,954.99,0,90.396,35.235,0,115.425,121.5,0.972,0.3159,2.43,36.45,97.2,2.43
Pork Belly,Meat and Poultry,162,636.66,0,60.264,23.49,0,76.95,81,0.648,0.2106,1.62,24.3,64.8,1.62
Pork Belly,Meat and Poultry,121.5,477.495,0,45.198,17.6175,0,57.7125,60.75,0.486,0.15795,1.215,18.225,48.6,1.215
Pork Belly,Meat and Poultry,105.3,413.829,0,39.1716,15.2685,0,50.0175,52.65,0.4212,0.13689,1.053,15.795,42.12,1.053
Pork Belly,Meat and Poultry,81,318.33,0,30.132,11.745,0,38.475,40.5,0.324,0.1053,0.81,12.15,32.4,0.81
Pork Belly,Meat and Poultry,56.7,222.831,0,21.0924,8.2215,0,26.9325,28.35,0.2268,0.07371,0.567,8.505,22.68,0.567
Pork Belly,Meat and Poultry,40.5,159.165,0,15.066,5.8725,0,19.2375,20.25,0.162,0.05265,0.405,6.075,16.2,0.405
Pork Belly,Meat and Poultry,16.2,63.666,0,6.0264,2.349,0,7.695,8.1,0.0648,0.02106,0.162,2.43,6.48,0.162
Pork Chop,Meat and Poultry,680,2652,0,250.92,98.6,0,325.04,34,3.808,0.748,6.8,102,265.2,5.44
Pork Chop,Meat and Poultry,408,1591.2,0,150.552,59.16,0,195.024,20.4,2.2848,0.4488,4.08,61.2,159.12,3.264
Pork Chop,Meat and Poultry,272,1060.8,0,100.368,39.44,0,130.016,13.6,1.5232,0.2992,2.72,40.8,106.08,2.176
Pork Chop,Meat and Poultry,204,795.6,0,75.276,29.58,0,97.512,10.2,1.1424,0.2244,2.04,30.6,79.56,1.632
Pork Chop,Meat and Poultry,176.8,689.52,0,65.2392,25.636,0,84.5104,8.84,0.99008,0.19448,1.768,26.52,68.952,1.4144
Pork Chop,Meat and Poultry,136,530.4,0,50.184,19.72,0,65.008,6.8,0.7616,0.1496,1.36,20.4,53.04,1.088
Pork Chop,Meat and Poultry,95.2,371.28,0,35.1288,13.804,0,45.5056,4.76,0.53312,0.10472,0.952,14.28,37.128,0.7616
Pork Chop,Meat and Poultry,68,265.2,0,25.092,9.86,0,32.504,3.4,0.3808,0.0748,0.68,10.2,26.52,0.544
Pork Chop,Meat and Poultry,27.2,106.08,0,10.0368,3.944,0,13.0016,1.36,0.15232,0.02992,0.272,4.08,10.608,0.2176
Blue Crab,Seafood,670,656.6,20.77,6.03,129.98,0,499.82,6.7,0.335,1.608,0,1882.7,3309.8,13.4
Blue Crab,Seafood,402,393.96,12.462,3.618,77.988,0,299.892,4.02,0.201,0.9648,0,1129.62,1985.88,8.04
Blue Crab,Seafood,268,262.64,8.308,2.412,51.992,0,199.928,2.68,0.134,0.6432,0,753.08,1323.92,5.36
Blue Crab,Seafood,201,196.98,6.231,1.809,38.994,0,149.946,2.01,0.1005,0.4824,0,564.81,992.94,4.02
Blue Crab,Seafood,174.2,170.716,5.4002,1.5678,33.7948,0,129.9532,1.742,0.0871,0.41808,0,489.502,860.548,3.484
Blue Crab,Seafood,134,131.32,4.154,1.206,25.996,0,99.964,1.34,0.067,0.3216,0,376.54,661.96,2.68
Blue Crab,Seafood,93.8,91.924,2.9078,0.8442,18.1972,0,69.9748,0.938,0.0469,0.22512,0,263.578,463.372,1.876
Blue Crab,Seafood,67,65.66,2.077,0.603,12.998,0,49.982,0.67,0.0335,0.1608,0,188.27,330.98,1.34
Blue Crab,Seafood,26.8,26.264,0.8308,0.2412,5.1992,0,19.9928,0.268,0.0134,0.06432,0,75.308,132.392,0.536
Milkfish,Seafood,900,720,0,9.9,158.4,0,717.3,2250,0.27,0.72,0,207,441,9
Milkfish,Seafood,540,432,0,5.94,95.04,0,430.38,1350,0.162,0.432,0,124.2,264.6,5.4
Milkfish,Seafood,360,288,0,3.96,63.36,0,286.92,900,0.108,0.288,0,82.8,176.4,3.6
Milkfish,Seafood,270,216,0,2.97,47.52,0,215.19,675,0.081,0.216,0,62.1,132.3,2.7
Milkfish,Seafood,234,187.2,0,2.574,41.184,0,186.498,585,0.0702,0.1872,0,53.82,114.66,2.34
Milkfish,Seafood,180,144,0,1.98,31.68,0,143.46,450,0.054,0.144,0,41.4,88.2,1.8
Milkfish,Seafood,126,100.8,0,1.386,22.176,0,100.422,315,0.0378,0.1008,0,28.98,61.74,1.26
Milkfish,Seafood,90,72,0,0.99,15.84,0,71.73,225,0.027,0.072,0,20.7,44.1,0.9
Milkfish,Seafood,36,28.8,0,0.396,6.336,0,28.692,90,0.0108,0.0288,0,8.28,17.64,0.36
Squid,Seafood,425,301.75,0,4.25,66.3,0,349.35,892.5,0,0.17,0,233.75,607.75,5.1
Squid,Seafood,255,181.05,0,2.55,39.78,0,209.61,535.5,0,0.102,0,140.25,364.65,3.06
Squid,Seafood,170,120.7,0,1.7,26.52,0,139.74,357,0,0.068,0,93.5,243.1,2.04
Squid,Seafood,127.5,90.525,0,1.275,19.89,0,104.805,267.75,0,0.051,0,70.125,182.325,1.53
Squid,Seafood,110.5,78.455,0,1.105,17.238,0,90.831,232.05,0,0.0442,0,60.775,158.015,1.326
Squid,Seafood,85,60.35,0,0.85,13.26,0,69.87,178.5,0,0.034,0,46.75,121.55,1.02
Squid,Seafood,59.5,42.245,0,0.595,9.282,0,48.909,124.95,0,0.0238,0,32.725,85.085,0.714
Squid,Seafood,42.5,30.175,0,0.425,6.63,0,34.935,89.25,0,0.017,0,23.375,60.775,0.51
Squid,Seafood,17,12.07,0,0.17,2.652,0,13.974,35.7,0,0.0068,0,9.35,24.31,0.204
Tilapia,Seafood,435,465.45,0,16.53,78.735,0,335.82,282.75,0.261,0.87,0,321.9,226.2,3.48
Tilapia,Seafood,261,279.27,0,9.918,47.241,0,201.492,169.65,0.1566,0.522,0,193.14,135.72,2.088
Tilapia,Seafood,174,186.18,0,6.612,31.494,0,134.328,113.1,0.1044,0.348,0,128.76,90.48,1.392
Tilapia,Seafood,130.5,139.635,0,4.959,23.6205,0,100.746,84.825,0.0783,0.261,0,96.57,67.86,1.044
Tilapia,Seafood,113.1,121.017,0,4.2978,20.4711,0,87.3132,73.515,0.06786,0.2262,0,83.694,58.812,0.9048
Tilapia,Seafood,87,93.09,0,3.306,15.747,0,67.164,56.55,0.0522,0.174,0,64.38,45.24,0.696
Tilapia,Seafood,60.9,65.163,0,2.3142,11.0229,0,47.0148,39.585,0.03654,0.1218,0,45.066,31.668,0.4872
Tilapia,Seafood,43.5,46.545,0,1.653,7.8735,0,33.582,28.275,0.0261,0.087,0,32.19,22.62,0.348
Tilapia,Seafood,17.4,18.618,0,0.6612,3.1494,0,13.4328,11.31,0.01044,0.0348,0,12.876,9.048,0.1392
Beef Kaldereta,Cooked Dishes,1200,3000,62.4,204,264,12,720,300,2.4,3.6,360,240,9000,42
Beef Kaldereta,Cooked Dishes,720,1800,37.44,122.4,158.4,7.2,432,180,1.44,2.16,216,144,5400,25.2
Beef Kaldereta,Cooked Dishes,480,1200,24.96,81.6,105.6,4.8,288,120,0.96,1.44,144,96,3600,16.8
Beef Kaldereta,Cooked Dishes,360,900,18.72,61.2,79.2,3.6,216,90,0.72,1.08,108,72,2700,12.6
Beef Kaldereta,Cooked Dishes,312,780,16.224,53.04,68.64,3.12,187.2,78,0.624,0.936,93.6,62.4,2340,10.92
Beef Kaldereta,Cooked Dishes,240,600,12.48,40.8,52.8,2.4,144,60,0.48,0.72,72,48,1800,8.4
Beef Kaldereta,Cooked Dishes,168,420,8.736,28.56,36.96,1.68,100.8,42,0.336,0.504,50.4,33.6,1260,5.88
Beef Kaldereta,Cooked Dishes,120,300,6.24,20.4,26.4,1.2,72,30,0.24,0.36,36,24,900,4.2
Beef Kaldereta,Cooked Dishes,48,120,2.496,8.16,10.56,0.48,28.8,12,0.096,0.144,14.4,9.6,360,1.68
Beef Kare-Kare,Cooked Dishes,1250,2750,47.5,187.5,250,25,812.5,187.5,2.5,5,250,375,7500,37.5
Beef Kare-Kare,Cooked Dishes,750,1650,28.5,112.5,150,15,487.5,112.5,1.5,3,150,225,4500,22.5
Beef Kare-Kare,Cooked Dishes,500,1100,19,75,100,10,325,75,1,2,100,150,3000,15
Beef Kare-Kare,Cooked Dishes,375,825,14.25,56.25,75,7.5,243.75,56.25,0.75,1.5,75,112.5,2250,11.25
Beef Kare-Kare,Cooked Dishes,325,715,12.35,48.75,65,6.5,211.25,48.75,0.65,1.3,65,97.5,1950,9.75
Beef Kare-Kare,Cooked Dishes,250,550,9.5,37.5,50,5,162.5,37.5,0.5,1,50,75,1500,7.5
Beef Kare-Kare,Cooked Dishes,175,385,6.65,26.25,35,3.5,113.75,26.25,0.35,0.7,35,52.5,1050,5.25
Beef Kare-Kare,Cooked Dishes,125,275,4.75,18.75,25,2.5,81.25,18.75,0.25,0.5,25,37.5,750,3.75
Beef Kare-Kare,Cooked Dishes,50,110,1.9,7.5,10,1,32.5,7.5,0.1,0.2,10,15,300,1.5
Beef Ribs Sinigang,Cooked Dishes,1200,2160,30,144,216,12,840,120,2.4,3.6,300,240,7200,30
Beef Ribs Sinigang,Cooked Dishes,720,1296,18,86.4,129.6,7.2,504,72,1.44,2.16,180,144,4320,18
Beef Ribs Sinigang,Cooked Dishes,480,864,12,57.6,86.4,4.8,336,48,0.96,1.44,120,96,2880,12
Beef Ribs Sinigang,Cooked Dishes,360,648,9,43.2,64.8,3.6,252,36,0.72,1.08,90,72,2160,9
Beef Ribs Sinigang,Cooked Dishes,312,561.6,7.8,37.44,56.16,3.12,218.4,31.2,0.624,0.936,78,62.4,1872,7.8
Beef Ribs Sinigang,Cooked Dishes,240,432,6,28.8,43.2,2.4,168,24,0.48,0.72,60,48,1440,6
Beef Ribs Sinigang,Cooked Dishes,168,302.4,4.2,20.16,30.24,1.68,117.6,16.8,0.336,0.504,42,33.6,1008,4.2
Beef Ribs Sinigang,Cooked Dishes,120,216,3,14.4,21.6,1.2,84,12,0.24,0.36,30,24,720,3
Beef Ribs Sinigang,Cooked Dishes,48,86.4,1.2,5.76,8.64,0.48,33.6,4.8,0.096,0.144,12,9.6,288,1.2
Bulalo,Cooked Dishes,1200,3000,48,192,240,0,780,120,2.4,4.8,180,180,8400,36
Bulalo,Cooked Dishes,720,1800,28.8,115.2,144,0,468,72,1.44,2.88,108,108,5040,21.6
Bulalo,Cooked Dishes,480,1200,19.2,76.8,96,0,312,48,0.96,1.92,72,72,3360,14.4
Bulalo,Cooked Dishes,360,900,14.4,57.6,72,0,234,36,0.72,1.44,54,54,2520,10.8
Bulalo,Cooked Dishes,312,780,12.48,49.92,62.4,0,202.8,31.2,0.624,1.248,46.8,46.8,2184,9.36
Bulalo,Cooked Dishes,240,600,9.6,38.4,48,0,156,24,0.48,0.96,36,36,1680,7.2
Bulalo,Cooked Dishes,168,420,6.72,26.88,33.6,0,109.2,16.8,0.336,0.672,25.2,25.2,1176,5.04
Bulalo,Cooked Dishes,120,300,4.8,19.2,24,0,78,12,0.24,0.48,18,18,840,3.6
Bulalo,Cooked Dishes,48,120,1.92,7.68,9.6,0,31.2,4.8,0.096,0.192,7.2,7.2,336,1.44
Chicken Adobo,Cooked Dishes,1200,2160,12,144,240,0,780,60,1.2,2.4,120,120,7200,24
Chicken Adobo,Cooked Dishes,720,1296,7.2,86.4,144,0,468,36,0.72,1.44,72,72,4320,14.4
Chicken Adobo,Cooked Dishes,480,864,4.8,57.6,96,0,312,24,0.48,0.96,48,48,2880,9.6
Chicken Adobo,Cooked Dishes,360,648,3.6,43.2,72,0,234,18,0.36,0.72,36,36,2160,7.2
Chicken Adobo,Cooked Dishes,312,561.6,3.12,37.44,62.4,0,202.8,15.6,0.312,0.624,31.2,31.2,1872,6.24
Chicken Adobo,Cooked Dishes,240,432,2.4,28.8,48,0,156,12,0.24,0.48,24,24,1440,4.8
Chicken Adobo,Cooked Dishes,168,302.4,1.68,20.16,33.6,0,109.2,8.4,0.168,0.336,16.8,16.8,1008,3.36
Chicken Adobo,Cooked Dishes,120,216,1.2,14.4,24,0,78,6,0.12,0.24,12,12,720,2.4
Chicken Adobo,Cooked Dishes,48,86.4,0.48,5.76,9.6,0,31.2,2.4,0.048,0.096,4.8,4.8,288,0.96
Chicken Afritada,Cooked Dishes,1200,2400,30,168,216,12,840,120,2.4,3.6,180,180,7800,30
Chicken Afritada,Cooked Dishes,720,1440,18,100.8,129.6,7.2,504,72,1.44,2.16,108,108,4680,18
Chicken Afritada,Cooked Dishes,480,960,12,67.2,86.4,4.8,336,48,0.96,1.44,72,72,3120,12
Chicken Afritada,Cooked Dishes,360,720,9,50.4,64.8,3.6,252,36,0.72,1.08,54,54,2340,9
Chicken Afritada,Cooked Dishes,312,624,7.8,43.68,56.16,3.12,218.4,31.2,0.624,0.936,46.8,46.8,2028,7.8
Chicken Afritada,Cooked Dishes,240,480,6,33.6,43.2,2.4,168,24,0.48,0.72,36,36,1560,6
Chicken Afritada,Cooked Dishes,168,336,4.2,23.52,30.24,1.68,117.6,16.8,0.336,0.504,25.2,25.2,1092,4.2
Chicken Afritada,Cooked Dishes,120,240,3,16.8,21.6,1.2,84,12,0.24,0.36,18,18,780,3
Chicken Afritada,Cooked Dishes,48,96,1.2,6.72,8.64,0.48,33.6,4.8,0.096,0.144,7.2,7.2,312,1.2
Chicken Inasal,Cooked Dishes,1000,1900,15,100,220,0,650,80,2,2,80,100,6000,20
Chicken Inasal,Cooked Dishes,600,1140,9,60,132,0,390,48,1.2,1.2,48,60,3600,12
Chicken Inasal,Cooked Dishes,400,760,6,40,88,0,260,32,0.8,0.8,32,40,2400,8
Chicken Inasal,Cooked Dishes,300,570,4.5,30,66,0,195,24,0.6,0.6,24,30,1800,6
Chicken Inasal,Cooked Dishes,260,494,3.9,26,57.2,0,169,20.8,0.52,0.52,20.8,26,1560,5.2
Chicken Inasal,Cooked Dishes,200,380,3,20,44,0,130,16,0.4,0.4,16,20,1200,4
Chicken Inasal,Cooked Dishes,140,266,2.1,14,30.8,0,91,11.2,0.28,0.28,11.2,14,840,2.8
Chicken Inasal,Cooked Dishes,100,190,1.5,10,22,0,65,8,0.2,0.2,8,10,600,2
Chicken Inasal,Cooked Dishes,40,76,0.6,4,8.8,0,26,3.2,0.08,0.08,3.2,4,240,0.8
Chicken Tinola,Cooked Dishes,1200,1800,21.6,96,240,12,900,120,1.2,2.4,144,144,6600,21.6
Chicken Tinola,Cooked Dishes,720,1080,12.96,57.6,144,7.2,540,72,0.72,1.44,86.4,86.4,3960,12.96
Chicken Tinola,Cooked Dishes,480,720,8.64,38.4,96,4.8,360,48,0.48,0.96,57.6,57.6,2640,8.64
Chicken Tinola,Cooked Dishes,360,540,6.48,28.8,72,3.6,270,36,0.36,0.72,43.2,43.2,1980,6.48
Chicken Tinola,Cooked Dishes,312,468,5.616,24.96,62.4,3.12,234,31.2,0.312,0.624,37.44,37.44,1716,5.616
Chicken Tinola,Cooked Dishes,240,360,4.32,19.2,48,2.4,180,24,0.24,0.48,28.8,28.8,1320,4.32
Chicken Tinola,Cooked Dishes,168,252,3.024,13.44,33.6,1.68,126,16.8,0.168,0.336,20.16,20.16,924,3.024
Chicken Tinola,Cooked Dishes,120,180,2.16,9.6,24,1.2,90,12,0.12,0.24,14.4,14.4,660,2.16
Chicken Tinola,Cooked Dishes,48,72,0.864,3.84,9.6,0.48,36,4.8,0.048,0.096,5.76,5.76,264,0.864
Crispy Pata,Cooked Dishes,750,2625,0,225,135,0,375,0,0,0,0,0,6000,30
Crispy Pata,Cooked Dishes,450,1575,0,135,81,0,225,0,0,0,0,0,3600,18
Crispy Pata,Cooked Dishes,300,1050,0,90,54,0,150,0,0,0,0,0,2400,12
Crispy Pata,Cooked Dishes,225,787.5,0,67.5,40.5,0,112.5,0,0,0,0,0,1800,9
Crispy Pata,Cooked Dishes,195,682.5,0,58.5,35.1,0,97.5,0,0,0,0,0,1560,7.8
Crispy Pata,Cooked Dishes,150,525,0,45,27,0,75,0,0,0,0,0,1200,6
Crispy Pata,Cooked Dishes,105,367.5,0,31.5,18.9,0,52.5,0,0,0,0,0,840,4.2
Crispy Pata,Cooked Dishes,75,262.5,0,22.5,13.5,0,37.5,0,0,0,0,0,600,3
Crispy Pata,Cooked Dishes,30,105,0,9,5.4,0,15,0,0,0,0,0,240,1.2
Pork Barbeque,Cooked Dishes,400,1120,40,80,72,0,200,16,0.8,1.2,24,32,2600,12
Pork Barbeque,Cooked Dishes,240,672,24,48,43.2,0,120,9.6,0.48,0.72,14.4,19.2,1560,7.2
Pork Barbeque,Cooked Dishes,160,448,16,32,28.8,0,80,6.4,0.32,0.48,9.6,12.8,1040,4.8
Pork Barbeque,Cooked Dishes,120,336,12,24,21.6,0,60,4.8,0.24,0.36,7.2,9.6,780,3.6
Pork Barbeque,Cooked Dishes,104,291.2,10.4,20.8,18.72,0,52,4.16,0.208,0.312,6.24,8.32,676,3.12
Pork Barbeque,Cooked Dishes,80,224,8,16,14.4,0,40,3.2,0.16,0.24,4.8,6.4,520,2.4
Pork Barbeque,Cooked Dishes,56,156.8,5.6,11.2,10.08,0,28,2.24,0.112,0.168,3.36,4.48,364,1.68
Pork Barbeque,Cooked Dishes,40,112,4,8,7.2,0,20,1.6,0.08,0.12,2.4,3.2,260,1.2
Pork Barbeque,Cooked Dishes,16,44.8,1.6,3.2,2.88,0,8,0.64,0.032,0.048,0.96,1.28,104,0.48
Pancit Canton,Cooked Dishes,800,1760,200,80,120,16,480,16,0.8,1.6,64,80,4400,20
Pancit Canton,Cooked Dishes,480,1056,120,48,72,9.6,288,9.6,0.48,0.96,38.4,48,2640,12
Pancit Canton,Cooked Dishes,320,704,80,32,48,6.4,192,6.4,0.32,0.64,25.6,32,1760,8
Pancit Canton,Cooked Dishes,240,528,60,24,36,4.8,144,4.8,0.24,0.48,19.2,24,1320,6
Pancit Canton,Cooked Dishes,208,457.6,52,20.8,31.2,4.16,124.8,4.16,0.208,0.416,16.64,20.8,1144,5.2
Pancit Canton,Cooked Dishes,160,352,40,16,24,3.2,96,3.2,0.16,0.32,12.8,16,880,4
Pancit Canton,Cooked Dishes,112,246.4,28,11.2,16.8,2.24,67.2,2.24,0.112,0.224,8.96,11.2,616,2.8
Pancit Canton,Cooked Dishes,80,176,20,8,12,1.6,48,1.6,0.08,0.16,6.4,8,440,2
Pancit Canton,Cooked Dishes,32,70.4,8,3.2,4.8,0.64,19.2,0.64,0.032,0.064,2.56,3.2,176,0.8
Pork Menudo,Cooked Dishes,1200,2400,48,144,192,24,780,72,2.4,3.6,120,180,7200,30
Pork Menudo,Cooked Dishes,720,1440,28.8,86.4,115.2,14.4,468,43.2,1.44,2.16,72,108,4320,18
Pork Menudo,Cooked Dishes,480,960,19.2,57.6,76.8,9.6,312,28.8,0.96,1.44,48,72,2880,12
Pork Menudo,Cooked Dishes,360,720,14.4,43.2,57.6,7.2,234,21.6,0.72,1.08,36,54,2160,9
Pork Menudo,Cooked Dishes,312,624,12.48,37.44,49.92,6.24,202.8,18.72,0.624,0.936,31.2,46.8,1872,7.8
Pork Menudo,Cooked Dishes,240,480,9.6,28.8,38.4,4.8,156,14.4,0.48,0.72,24,36,1440,6
Pork Menudo,Cooked Dishes,168,336,6.72,20.16,26.88,3.36,109.2,10.08,0.336,0.504,16.8,25.2,1008,4.2
Pork Menudo,Cooked Dishes,120,240,4.8,14.4,19.2,2.4,78,7.2,0.24,0.36,12,18,720,3
Pork Menudo,Cooked Dishes,48,96,1.92,5.76,7.68,0.96,31.2,2.88,0.096,0.144,4.8,7.2,288,1.2
Shrimp Sinigang,Cooked Dishes,1200,1440,24,96,216,12,900,240,2.4,3.6,240,300,8400,24
Shrimp Sinigang,Cooked Dishes,720,864,14.4,57.6,129.6,7.2,540,144,1.44,2.16,144,180,5040,14.4
Shrimp Sinigang,Cooked Dishes,480,576,9.6,38.4,86.4,4.8,360,96,0.96,1.44,96,120,3360,9.6
Shrimp Sinigang,Cooked Dishes,360,432,7.2,28.8,64.8,3.6,270,72,0.72,1.08,72,90,2520,7.2
Shrimp Sinigang,Cooked Dishes,312,374.4,6.24,24.96,56.16,3.12,234,62.4,0.624,0.936,62.4,78,2184,6.24
Shrimp Sinigang,Cooked Dishes,240,288,4.8,19.2,43.2,2.4,180,48,0.48,0.72,48,60,1680,4.8
Shrimp Sinigang,Cooked Dishes,168,201.6,3.36,13.44,30.24,1.68,126,33.6,0.336,0.504,33.6,42,1176,3.36
Shrimp Sinigang,Cooked Dishes,120,144,2.4,9.6,21.6,1.2,90,24,0.24,0.36,24,30,840,2.4
Shrimp Sinigang,Cooked Dishes,48,57.6,0.96,3.84,8.64,0.48,36,9.6,0.096,0.144,9.6,12,336,0.96
